sort,tipo,tamanho,branch,mean_ns,ci_lo_ns,ci_hi_ns,median_ns,mad_ns,std_ns,min_ns,q1_ns,q3_ns,max_ns
merge,random,16,puro,208,207,210,208,5,5,199,205,212,227
merge,random,16,com_pre,213,211,214,213,4,5,203,210,215,225
merge,random,32,puro,368,366,371,367,6,9,352,363,371,395
merge,random,32,com_pre,374,371,376,373,9,9,356,368,380,395
merge,random,64,puro,711,707,714,711,12,13,688,702,718,745
merge,random,64,com_pre,742,738,746,738,15,15,713,732,750,804
merge,random,128,puro,1492,1483,1501,1491,28,33,1393,1476,1511,1561
merge,random,128,com_pre,1571,1559,1586,1564,36,49,1495,1540,1593,1820
merge,random,256,puro,6786,6760,6811,6801,66,92,6526,6746,6836,7054
merge,random,256,com_pre,6828,6800,6855,6844,80,102,6597,6770,6892,7057
merge,random,512,puro,16289,16190,16412,16236,240,406,15694,16077,16401,18307
merge,random,512,com_pre,16686,16593,16800,16637,228,377,16113,16505,16845,18654
merge,random,1000,puro,33603,33428,33778,33579,426,632,32141,33313,33985,35202
merge,random,1000,com_pre,34938,34737,35184,34799,590,809,33764,34475,35301,39000
merge,random,5000,puro,198644,197554,199948,197366,2151,4383,194738,196046,199635,216822
merge,random,5000,com_pre,208282,206876,209891,207096,3992,5531,201597,204445,210599,232426
merge,random,10000,puro,451572,449934,453255,450965,5439,6078,439331,448603,455235,466667
merge,random,10000,com_pre,463030,461579,464561,462289,4780,5433,453421,459519,465931,477956
merge,random,100000,puro,5213409,5185776,5248993,5181629,41865,115771,5101500,5158268,5237889,5842700
merge,random,100000,com_pre,5390915,5349013,5439771,5344714,94937,166580,5185533,5297073,5433562,6059330
merge,random,1000000,puro,68443500,67700511,69300873,67227233,421207,2945610,66649600,66971300,67574300,77921700
merge,random,1000000,com_pre,69039553,68481586,69666295,68051850,350116,2151042,67526667,67883200,68551767,74024600
merge,random,10000000,puro,765326786,763964757,766751841,764266900,4958778,5094816,757887900,761391800,768199200,776488000
merge,random,10000000,com_pre,782226870,780113374,784567294,780894450,5926916,8125024,771773700,776824200,784819500,810524600
merge,turtles,16,puro,197,195,198,197,6,5,185,193,200,207
merge,turtles,16,com_pre,198,197,200,198,5,5,189,195,201,208
merge,turtles,32,puro,334,331,336,332,8,9,315,327,339,363
merge,turtles,32,com_pre,354,352,357,355,11,9,337,346,361,372
merge,turtles,64,puro,609,605,614,609,9,16,582,603,615,692
merge,turtles,64,com_pre,664,659,669,666,18,17,628,652,677,690
merge,turtles,128,puro,1193,1187,1201,1193,16,27,1142,1182,1203,1326
merge,turtles,128,com_pre,1294,1285,1303,1293,21,33,1231,1276,1305,1430
merge,turtles,256,puro,2450,2434,2467,2453,63,61,2341,2406,2487,2693
merge,turtles,256,com_pre,2603,2588,2618,2602,51,54,2511,2564,2636,2790
merge,turtles,512,puro,5051,5026,5075,5065,82,89,4786,5002,5108,5203
merge,turtles,512,com_pre,5443,5419,5469,5447,71,91,5211,5391,5483,5801
merge,turtles,1000,puro,10523,10410,10645,10421,333,432,9973,10233,10796,11900
merge,turtles,1000,com_pre,11503,11400,11609,11439,419,382,10769,11159,11756,12500
merge,turtles,5000,puro,58851,58249,59648,58303,1526,2571,55286,57484,59676,73590
merge,turtles,5000,com_pre,67577,67027,68148,67204,2039,2052,64262,66266,68836,73254
merge,turtles,10000,puro,122359,121770,122968,121892,1580,2181,118290,121131,123402,128115
merge,turtles,10000,com_pre,139680,138054,141701,139108,2884,6674,131570,136249,140588,168946
merge,turtles,100000,puro,1411504,1396721,1428491,1386668,28749,58440,1356900,1374727,1425804,1635093
merge,turtles,100000,com_pre,1570085,1557621,1585178,1557370,32904,50310,1516950,1541653,1592592,1813292
merge,turtles,1000000,puro,16660287,16502946,16826927,16592629,537177,589674,15892167,16231233,16955875,18107042
merge,turtles,1000000,com_pre,18574303,18205601,18966099,18875527,2138226,1382569,17190636,17347073,19067527,22524527
merge,turtles,10000000,puro,188795628,188142744,189466780,188443875,2390285,2404295,184266200,186915850,190295900,194023100
merge,turtles,10000000,com_pre,194817742,194043063,195598234,194567175,2887919,2818335,189703050,192973850,196554400,201798550
merge,zigzag,16,puro,210,209,212,210,6,7,197,207,216,223
merge,zigzag,16,com_pre,199,198,201,200,5,6,186,196,202,211
merge,zigzag,32,puro,350,348,352,351,6,8,331,347,355,364
merge,zigzag,32,com_pre,344,340,347,343,13,12,324,334,351,374
merge,zigzag,64,puro,651,648,654,650,11,11,632,642,659,673
merge,zigzag,64,com_pre,639,631,647,636,16,30,604,623,645,767
merge,zigzag,128,puro,1299,1293,1305,1297,22,23,1246,1282,1312,1347
merge,zigzag,128,com_pre,1243,1232,1256,1239,24,45,1165,1228,1257,1485
merge,zigzag,256,puro,2623,2609,2637,2627,44,51,2506,2593,2653,2750
merge,zigzag,256,com_pre,2497,2480,2513,2505,53,60,2319,2461,2539,2609
merge,zigzag,512,puro,5423,5393,5456,5408,94,114,5217,5350,5485,5909
merge,zigzag,512,com_pre,5000,4973,5026,5010,93,96,4764,4947,5072,5219
merge,zigzag,1000,puro,11143,11060,11233,11069,234,317,10647,10926,11334,12147
merge,zigzag,1000,com_pre,10312,10202,10426,10276,442,408,9697,9982,10587,11538
merge,zigzag,5000,puro,65403,64932,65956,64955,1152,1883,62984,64377,65789,72381
merge,zigzag,5000,com_pre,56132,55624,56667,55856,1357,1907,53197,54984,56834,60752
merge,zigzag,10000,puro,135371,134744,136064,134580,1572,2402,131561,133845,136060,143483
merge,zigzag,10000,com_pre,114156,113656,114670,113948,1546,1853,110491,113268,115086,120050
merge,zigzag,100000,puro,1552097,1542448,1562908,1545994,22525,37251,1485300,1530798,1561054,1696904
merge,zigzag,100000,com_pre,1303457,1286839,1323268,1282442,33657,66776,1231167,1262837,1316062,1603400
merge,zigzag,1000000,puro,18616241,18319795,18926085,18679995,1498336,1100403,17313545,17591309,19251273,21774036
merge,zigzag,1000000,com_pre,15150251,15009086,15285317,15150480,427306,503440,13615800,14884489,15459940,16074998
merge,zigzag,10000000,puro,199539980,198585180,200545585,198513450,3224358,3563808,193684300,196725400,202291400,206866000
merge,zigzag,10000000,com_pre,166219201,165587915,166867791,166180350,2238504,2325740,161399550,164455650,167429450,171789600
merge,almostsorted,16,puro,194,191,197,191,8,11,179,186,199,231
merge,almostsorted,16,com_pre,196,194,198,195,5,8,185,191,199,234
merge,almostsorted,32,puro,328,326,330,328,7,8,312,324,333,347
merge,almostsorted,32,com_pre,345,342,348,347,10,10,322,339,353,365
merge,almostsorted,64,puro,597,593,600,598,10,12,568,589,604,617
merge,almostsorted,64,com_pre,644,639,648,646,11,16,606,636,651,681
merge,almostsorted,128,puro,1177,1173,1181,1176,14,16,1148,1166,1185,1238
merge,almostsorted,128,com_pre,1247,1239,1255,1254,24,29,1153,1233,1269,1288
merge,almostsorted,256,puro,2444,2428,2460,2451,36,58,2276,2424,2474,2596
merge,almostsorted,256,com_pre,2554,2533,2581,2544,53,87,2397,2508,2579,3044
merge,almostsorted,512,puro,5201,5174,5227,5202,62,96,4924,5163,5251,5519
merge,almostsorted,512,com_pre,5290,5260,5320,5293,109,107,5000,5225,5370,5549
merge,almostsorted,1000,puro,11036,10935,11145,10923,346,382,10479,10737,11225,12417
merge,almostsorted,1000,com_pre,11424,11322,11531,11366,283,380,10754,11205,11640,12427
merge,almostsorted,5000,puro,63579,63170,64021,63326,1631,1558,61424,62420,64617,68863
merge,almostsorted,5000,com_pre,67169,66483,67947,66777,1909,2681,63866,65452,67972,76556
merge,almostsorted,10000,puro,137140,135720,138870,135786,2733,5758,129130,134490,138169,164357
merge,almostsorted,10000,com_pre,142217,141319,143175,142132,3081,3382,136143,139933,144195,155383
merge,almostsorted,100000,puro,1575645,1568724,1583191,1569027,16381,26262,1535200,1560193,1582856,1651867
merge,almostsorted,100000,com_pre,1644584,1634456,1655626,1633858,29434,38661,1579533,1617339,1665028,1773389
merge,almostsorted,1000000,puro,20150484,19859556,20454944,19767365,1154656,1090189,18742140,19256640,20801950,22286850
merge,almostsorted,1000000,com_pre,20574388,20304958,20862926,20260105,1075026,1020811,19209400,19782800,21169610,24058180
merge,almostsorted,10000000,puro,218488074,217651187,219353366,218206600,2970760,3098999,212813500,216617200,220430800,225913900
merge,almostsorted,10000000,com_pre,226796728,225980654,227603763,226953050,3951203,2980429,220754200,224204000,229510800,232023400
merge,duplicates,16,puro,206,205,208,207,7,6,194,202,211,216
merge,duplicates,16,com_pre,206,205,208,206,6,6,193,203,210,221
merge,duplicates,32,puro,349,347,352,350,7,10,331,345,354,376
merge,duplicates,32,com_pre,357,354,359,358,10,10,339,350,364,379
merge,duplicates,64,puro,656,653,659,658,8,12,631,649,661,687
merge,duplicates,64,com_pre,677,673,682,676,10,16,648,670,683,761
merge,duplicates,128,puro,1311,1302,1322,1305,17,37,1261,1294,1317,1466
merge,duplicates,128,com_pre,1352,1344,1359,1347,29,27,1281,1334,1377,1401
merge,duplicates,256,puro,2843,2820,2866,2852,58,85,2586,2813,2891,3027
merge,duplicates,256,com_pre,2831,2808,2853,2840,57,83,2625,2799,2871,3076
merge,duplicates,512,puro,8481,8450,8512,8493,109,113,8248,8416,8553,8843
merge,duplicates,512,com_pre,7709,7663,7756,7712,110,169,7350,7630,7761,8302
merge,duplicates,1000,puro,17991,17852,18145,17820,286,536,17019,17687,18092,19763
merge,duplicates,1000,com_pre,18043,17849,18261,17838,505,753,17033,17504,18329,20779
merge,duplicates,5000,puro,96760,96215,97334,96599,1919,2052,93412,95247,97837,103365
merge,duplicates,5000,com_pre,98923,97989,99999,97872,2405,3675,94579,96624,100402,113962
merge,duplicates,10000,puro,201454,200738,202191,201149,2733,2653,196895,199733,203336,209532
merge,duplicates,10000,com_pre,203866,202301,205613,202686,4441,6021,195564,199918,206273,223876
merge,duplicates,100000,puro,2172952,2161430,2186465,2159900,24715,45726,2128994,2147068,2182383,2341057
merge,duplicates,100000,com_pre,2200574,2164084,2243844,2139263,30350,145988,2107606,2124919,2196671,2756925
merge,duplicates,1000000,puro,26568271,26247596,26907026,26026394,1045038,1199335,25191088,25542812,27527875,29034112
merge,duplicates,1000000,com_pre,25293686,25037352,25574251,24908312,811779,976359,24273862,24465212,25861112,28475000
merge,duplicates,10000000,puro,270538016,269737709,271400131,269871950,2766606,3044164,266332400,268500100,272118600,280937400
merge,duplicates,10000000,com_pre,264479654,263839236,265143764,264120550,2111445,2363026,259716600,262938900,265900100,270317000
merge,inverted,16,puro,199,197,201,200,6,7,187,194,204,215
merge,inverted,16,com_pre,201,199,202,201,8,7,188,195,206,213
merge,inverted,32,puro,338,336,341,339,6,8,321,335,343,368
merge,inverted,32,com_pre,342,340,344,341,8,9,326,337,348,369
merge,inverted,64,puro,610,607,614,609,10,13,586,603,616,647
merge,inverted,64,com_pre,629,625,633,634,13,15,599,618,640,652
merge,inverted,128,puro,1183,1177,1188,1182,17,19,1133,1171,1194,1229
merge,inverted,128,com_pre,1241,1229,1258,1237,19,54,1149,1225,1250,1569
merge,inverted,256,puro,2392,2384,2400,2386,23,30,2337,2373,2405,2488
merge,inverted,256,com_pre,2494,2481,2508,2495,34,50,2382,2472,2517,2617
merge,inverted,512,puro,4860,4838,4882,4882,73,82,4700,4794,4903,5038
merge,inverted,512,com_pre,5119,5092,5145,5119,100,97,4903,5062,5197,5303
merge,inverted,1000,puro,10793,10596,11017,10526,371,772,9957,10338,10979,13842
merge,inverted,1000,com_pre,10364,10182,10567,10214,645,701,9472,9789,10677,12844
merge,inverted,5000,puro,61933,61495,62420,61542,1420,1692,59551,60758,62771,68790
merge,inverted,5000,com_pre,54833,54271,55455,54836,1960,2161,51283,53200,55570,63962
merge,inverted,10000,puro,126922,126023,127938,125459,1822,3507,123408,124555,128812,141398
merge,inverted,10000,com_pre,122773,121720,123897,121971,3250,3970,115085,119849,124361,135054
merge,inverted,100000,puro,1410577,1399211,1423671,1395951,23772,44869,1365589,1381881,1414715,1593387
merge,inverted,100000,com_pre,1251984,1241950,1263806,1241316,22200,39921,1201642,1226568,1264317,1419142
merge,inverted,1000000,puro,15977717,15673863,16309601,16100827,1581432,1156088,14837908,15007592,16333769,19635446
merge,inverted,1000000,com_pre,15016845,14880397,15145741,15059381,321513,484802,13558917,14814944,15272082,16055021
merge,inverted,10000000,puro,169433527,168820409,170040578,169250275,1608695,2206116,163194000,168452400,171026750,174731800
merge,inverted,10000000,com_pre,173167559,172395968,173960725,173313725,3141296,2841061,167603250,171117650,175325800,181462150
merge,sawtooth,16,puro,190,189,191,191,5,5,178,187,194,200
merge,sawtooth,16,com_pre,194,192,197,194,5,7,184,190,197,228
merge,sawtooth,32,puro,335,333,337,335,6,7,317,331,340,350
merge,sawtooth,32,com_pre,352,350,355,353,5,8,333,349,356,375
merge,sawtooth,64,puro,640,633,646,636,21,23,600,622,650,703
merge,sawtooth,64,com_pre,686,678,695,680,32,31,643,659,704,759
merge,sawtooth,128,puro,1265,1254,1277,1265,29,41,1181,1241,1283,1452
merge,sawtooth,128,com_pre,1335,1324,1346,1334,57,42,1265,1293,1368,1418
merge,sawtooth,256,puro,2582,2571,2593,2585,42,41,2462,2559,2615,2658
merge,sawtooth,256,com_pre,2716,2705,2727,2719,29,40,2593,2699,2738,2785
merge,sawtooth,512,puro,5488,5449,5527,5496,111,142,5131,5423,5574,5790
merge,sawtooth,512,com_pre,5760,5729,5791,5769,89,112,5458,5709,5829,6052
merge,sawtooth,1000,puro,11515,11457,11574,11500,201,214,11048,11377,11643,12118
merge,sawtooth,1000,com_pre,12104,12047,12162,12136,130,209,11574,12041,12218,12838
merge,sawtooth,5000,puro,66595,66236,66978,66382,1163,1355,64051,65721,67194,71005
merge,sawtooth,5000,com_pre,70791,70485,71155,70694,763,1221,68761,70102,71173,76247
merge,sawtooth,10000,puro,138848,138159,139531,138944,2245,2494,133461,137601,140530,144746
merge,sawtooth,10000,com_pre,143463,142826,144225,142852,1370,2536,138328,142372,144192,156087
merge,sawtooth,100000,puro,1630242,1622879,1637967,1629034,25546,27570,1584567,1611628,1643488,1695504
merge,sawtooth,100000,com_pre,1671108,1663471,1679025,1671015,27102,28164,1620367,1651121,1689140,1759137
merge,sawtooth,1000000,puro,18856985,18704939,19014207,18712827,716898,564191,18032800,18372682,19328645,20276027
merge,sawtooth,1000000,com_pre,19294567,19094477,19503801,19424500,972296,748581,18235227,18566927,19711145,20854664
merge,sawtooth,10000000,puro,221412298,220238910,222633402,221002000,4565741,4372677,213671300,218041700,224162100,231880800
merge,sawtooth,10000000,com_pre,220843304,219728382,222046869,219782700,3270986,4229844,214443800,218096100,222487900,233262900
merge,organpipe,16,puro,201,199,203,202,5,6,187,198,204,212
merge,organpipe,16,com_pre,206,204,208,205,6,6,194,202,210,223
merge,organpipe,32,puro,339,336,341,339,7,8,322,333,343,358
merge,organpipe,32,com_pre,354,352,357,354,9,9,336,348,359,374
merge,organpipe,64,puro,629,624,634,630,21,18,597,614,641,669
merge,organpipe,64,com_pre,679,671,687,678,34,30,632,655,701,772
merge,organpipe,128,puro,1219,1212,1226,1217,28,26,1166,1200,1238,1276
merge,organpipe,128,com_pre,1309,1299,1321,1316,35,40,1224,1279,1332,1440
merge,organpipe,256,puro,2440,2425,2457,2440,32,60,2310,2415,2456,2676
merge,organpipe,256,com_pre,2567,2554,2581,2565,37,51,2421,2548,2596,2762
merge,organpipe,512,puro,4955,4920,5003,4945,54,153,4754,4906,4981,5893
merge,organpipe,512,com_pre,5230,5199,5260,5242,107,112,4949,5166,5294,5449
merge,organpipe,1000,puro,10118,10068,10164,10135,137,177,9597,10052,10238,10573
merge,organpipe,1000,com_pre,10687,10563,10886,10628,180,626,10129,10501,10744,14829
merge,organpipe,5000,puro,57712,57394,58021,57882,921,1149,54938,57070,58381,60192
merge,organpipe,5000,com_pre,60164,59832,60545,59855,738,1303,57586,59498,60520,65928
merge,organpipe,10000,puro,119532,118910,120240,118865,1460,2415,115209,118265,120339,128838
merge,organpipe,10000,com_pre,125294,124539,126154,125048,1602,2950,119210,123933,126094,139185
merge,organpipe,100000,puro,1343531,1335775,1351830,1338430,20237,29216,1279733,1327125,1354685,1429004
merge,organpipe,100000,com_pre,1410101,1394025,1435066,1401465,24504,77732,1327106,1384213,1417347,1913233
merge,organpipe,1000000,puro,15564383,15377078,15767385,15481850,544702,712714,14571154,15104915,15806400,17879162
merge,organpipe,1000000,com_pre,16014405,15871308,16161830,16090331,625019,526846,15061069,15586600,16376408,17390077
merge,organpipe,10000000,puro,177445428,176556669,178346515,176885150,3696122,3260627,171315800,174792200,179992550,184493250
merge,organpipe,10000000,com_pre,182094305,181446269,182744970,182343175,2141319,2338878,177372950,180198600,183360600,188269850
merge,fewruns,16,puro,194,192,196,194,7,6,183,189,198,210
merge,fewruns,16,com_pre,200,198,201,200,5,6,186,196,203,212
merge,fewruns,32,puro,328,326,330,328,7,7,310,323,333,346
merge,fewruns,32,com_pre,346,343,349,345,10,10,326,339,355,366
merge,fewruns,64,puro,620,614,626,623,27,22,579,603,636,659
merge,fewruns,64,com_pre,672,662,682,676,32,35,615,647,690,767
merge,fewruns,128,puro,1167,1159,1175,1168,34,29,1119,1145,1190,1231
merge,fewruns,128,com_pre,1289,1276,1303,1289,43,48,1202,1265,1320,1446
merge,fewruns,256,puro,2372,2354,2395,2372,37,75,2248,2343,2392,2788
merge,fewruns,256,com_pre,2538,2522,2554,2534,52,59,2417,2506,2577,2678
merge,fewruns,512,puro,4803,4747,4891,4783,79,278,4564,4730,4836,6637
merge,fewruns,512,com_pre,5171,5143,5201,5166,94,105,4932,5103,5230,5506
merge,fewruns,1000,puro,9779,9734,9824,9773,157,164,9306,9676,9881,10111
merge,fewruns,1000,com_pre,10647,10581,10716,10661,141,245,9990,10590,10784,11583
merge,fewruns,5000,puro,56244,55829,56794,56081,1045,1780,53755,55298,56578,66408
merge,fewruns,5000,com_pre,59701,59406,59992,59667,702,1072,56854,59241,60260,62191
merge,fewruns,10000,puro,115808,115288,116374,115765,1563,1975,111084,114683,116745,124300
merge,fewruns,10000,com_pre,121842,121436,122264,121941,862,1513,118503,120956,122411,127109
merge,fewruns,100000,puro,1311740,1304276,1319919,1311040,27108,28422,1260389,1289771,1327559,1421167
merge,fewruns,100000,com_pre,1356185,1349053,1363536,1361225,25313,26318,1307433,1331760,1373790,1446783
merge,fewruns,1000000,puro,14897207,14675257,15190261,14740998,557019,946235,13328300,14387455,15231593,20362950
merge,fewruns,1000000,com_pre,15555999,15350991,15769284,15444131,907659,764011,14445562,14855777,16128269,17417446
merge,fewruns,10000000,puro,166328036,165622182,167120430,165820075,2280535,2735935,162506750,164251850,167221750,177553900
merge,fewruns,10000000,com_pre,180234732,175381333,186264652,173527225,3072688,19835520,168562300,171772850,178671450,264954850
merge,real,16,puro,201,200,203,202,7,6,191,197,206,212
merge,real,16,com_pre,202,200,203,202,8,7,191,196,207,215
merge,real,32,puro,342,341,344,342,8,7,328,338,348,358
merge,real,32,com_pre,355,352,358,354,11,12,331,349,363,404
merge,real,64,puro,657,651,664,654,20,22,619,643,670,714
merge,real,64,com_pre,689,681,696,685,30,27,650,665,706,750
merge,real,128,puro,1347,1341,1353,1350,27,23,1283,1329,1366,1388
merge,real,128,com_pre,1421,1406,1435,1423,65,53,1331,1373,1453,1557
merge,real,256,puro,2876,2866,2886,2881,27,37,2783,2857,2895,3009
merge,real,256,com_pre,3035,3021,3048,3031,36,49,2912,3017,3064,3181
merge,real,512,puro,6080,6045,6121,6047,75,139,5888,6011,6111,6673
merge,real,512,com_pre,6420,6385,6460,6427,78,136,6182,6367,6476,7124
merge,real,1000,puro,12755,12650,12917,12689,152,513,12371,12570,12789,16090
merge,real,1000,com_pre,13482,13420,13562,13468,142,260,12978,13370,13564,14985
merge,real,5000,puro,76158,75499,76977,75667,1123,2719,71311,75036,76549,88159
merge,real,5000,com_pre,77499,77070,77945,77351,1308,1596,74561,76504,78461,81559
merge,real,10000,puro,279277,278130,280346,279593,3248,4024,265075,277307,281295,288627
merge,real,10000,com_pre,279264,278172,280582,278612,2589,4412,273438,276774,280266,300205
merge,real,100000,puro,3256242,3244567,3269867,3255053,28359,46277,3139800,3236498,3275254,3492800
merge,real,100000,com_pre,3434893,3426833,3443745,3428985,14482,30749,3348950,3420519,3444900,3563720
quick,random,16,puro,119,117,120,118,7,6,107,114,124,130
quick,random,16,com_pre,131,129,133,130,8,8,121,125,136,153
quick,random,32,puro,222,220,225,223,10,9,205,216,230,239
quick,random,32,com_pre,238,236,241,238,8,8,223,233,243,258
quick,random,64,puro,462,458,467,464,14,16,427,452,470,497
quick,random,64,com_pre,501,496,505,501,15,17,462,491,512,529
quick,random,128,puro,984,974,995,984,35,39,910,960,1004,1124
quick,random,128,com_pre,1075,1068,1082,1076,24,26,1020,1059,1092,1158
quick,random,256,puro,5218,5193,5242,5232,76,90,4982,5172,5281,5408
quick,random,256,com_pre,5637,5610,5664,5638,90,97,5374,5581,5706,5881
quick,random,512,puro,12738,12653,12826,12688,274,314,12171,12524,12910,13693
quick,random,512,com_pre,13576,13511,13642,13568,220,237,13053,13425,13722,14128
quick,random,1000,puro,28089,27933,28295,27944,362,656,27357,27719,28296,31782
quick,random,1000,com_pre,29935,29718,30223,29782,331,933,28937,29565,30012,35264
quick,random,5000,puro,168703,168134,169310,168183,1583,2143,165267,167320,169479,174838
quick,random,5000,com_pre,179019,178149,180075,178173,1990,3544,175394,176917,179772,196226
quick,random,10000,puro,360742,359581,361948,359867,3325,4335,353115,358236,363665,371442
quick,random,10000,com_pre,378057,376722,379407,378175,3009,4905,367876,375878,379998,390713
quick,random,100000,puro,4497053,4477183,4521477,4477071,47040,81270,4409617,4451533,4512830,4910700
quick,random,100000,com_pre,4688315,4668422,4713422,4665298,51011,83265,4609386,4640683,4714778,5130810
quick,random,1000000,puro,53270208,53130913,53418461,53159950,498154,527064,52352925,52886400,53580475,54603650
quick,random,1000000,com_pre,54673762,54571928,54791526,54644688,290163,402177,53956775,54428550,54824325,56458750
quick,random,10000000,puro,602542492,601567277,603516906,602836000,3831409,3575780,593487900,599764500,605123900,611017500
quick,random,10000000,com_pre,613305516,612420290,614225530,612862000,2723166,3297675,606719200,611057600,614705100,622161800
quick,turtles,16,puro,118,115,120,115,8,9,106,111,128,137
quick,turtles,16,com_pre,122,121,124,122,6,6,111,119,127,133
quick,turtles,32,puro,165,161,169,163,17,14,145,153,177,193
quick,turtles,32,com_pre,179,177,182,179,11,10,160,172,186,203
quick,turtles,64,puro,302,297,307,299,18,18,273,288,315,349
quick,turtles,64,com_pre,358,354,363,358,18,17,324,348,371,401
quick,turtles,128,puro,589,580,599,589,43,35,522,562,619,649
quick,turtles,128,com_pre,753,745,761,750,29,28,694,735,777,816
quick,turtles,256,puro,1418,1405,1431,1415,46,49,1306,1387,1449,1576
quick,turtles,256,com_pre,1550,1536,1564,1552,42,50,1405,1523,1580,1730
quick,turtles,512,puro,3253,3224,3280,3271,70,103,2940,3216,3318,3441
quick,turtles,512,com_pre,3595,3563,3623,3603,91,110,3214,3549,3671,3788
quick,turtles,1000,puro,9263,9082,9480,9190,345,723,8387,8905,9369,12606
quick,turtles,1000,com_pre,9979,9848,10121,9936,352,499,9197,9697,10171,12001
quick,turtles,5000,puro,75951,75027,77005,75076,2835,3608,71333,73495,77405,90122
quick,turtles,5000,com_pre,78399,77577,79349,77820,2178,3254,74329,76362,79320,92631
quick,turtles,10000,puro,140177,138662,142153,138864,2719,6432,132970,137476,140940,176011
quick,turtles,10000,com_pre,151370,149877,152825,151258,3815,5375,137258,148924,154516,163502
quick,turtles,100000,puro,5148982,5103570,5198935,5106222,114169,174678,4923133,5036175,5192910,5770794
quick,turtles,100000,com_pre,5321282,5244235,5417643,5229460,127144,317570,5049950,5152617,5323303,6935550
quick,turtles,1000000,puro,101166721,100415528,101907690,101400525,3148783,2726590,95644650,99289600,103537250,106000800
quick,turtles,1000000,com_pre,101166877,100397336,101937054,101035925,3064794,2794341,94903550,99391800,103549850,106309250
quick,turtles,10000000,puro,2817268216,2813096605,2821455981,2820108250,18599810,15186818,2791211400,2804290500,2828689500,2846178100
quick,turtles,10000000,com_pre,2825618548,2820974973,2830405786,2823200200,18862378,17232064,2791665500,2812812200,2840501600,2860540400
quick,zigzag,16,puro,116,115,119,115,5,7,105,112,120,135
quick,zigzag,16,com_pre,109,107,110,109,7,6,100,104,112,125
quick,zigzag,32,puro,217,214,221,217,15,12,198,207,227,243
quick,zigzag,32,com_pre,192,190,195,193,9,10,175,184,199,212
quick,zigzag,64,puro,491,486,497,492,20,19,453,477,505,534
quick,zigzag,64,com_pre,438,433,443,435,21,18,404,425,456,470
quick,zigzag,128,puro,1184,1177,1192,1182,29,28,1106,1166,1205,1248
quick,zigzag,128,com_pre,1020,1011,1031,1016,24,36,958,1003,1033,1218
quick,zigzag,256,puro,2930,2906,2959,2925,69,96,2750,2877,2971,3403
quick,zigzag,256,com_pre,2473,2450,2497,2470,51,86,2286,2434,2503,2828
quick,zigzag,512,puro,6968,6906,7032,6960,156,229,6445,6880,7091,7825
quick,zigzag,512,com_pre,6427,6361,6510,6395,175,272,6055,6274,6510,7898
quick,zigzag,1000,puro,21749,21475,22089,21484,699,1128,20449,21204,22025,27781
quick,zigzag,1000,com_pre,20966,20595,21429,20520,643,1526,19451,20225,21201,28245
quick,zigzag,5000,puro,198902,197014,200872,196017,6163,7059,188424,193530,203842,214460
quick,zigzag,5000,com_pre,205065,203003,207233,202466,7613,7689,194084,198387,210939,225339
quick,zigzag,10000,puro,381213,376653,385567,383623,14144,16287,339245,372750,390893,407998
quick,zigzag,10000,com_pre,379511,375301,383930,377114,14857,15818,351783,368225,389129,424349
quick,zigzag,100000,puro,15373750,15235911,15521217,15298314,568365,522262,14709100,14905943,15581400,16657386
quick,zigzag,100000,com_pre,16539381,16371808,16720632,16356579,484937,636420,15830929,16041557,16724100,18287771
quick,zigzag,1000000,puro,314608584,312253791,316980960,314666850,6939902,8629690,293349500,308631600,318527200,333058600
quick,zigzag,1000000,com_pre,328787954,326575060,331120575,328109250,7637984,8210534,313015500,322619700,332950100,352616300
quick,zigzag,10000000,puro,9091683246,9082020719,9101311984,9085965250,32856713,35234076,9004685200,9069917200,9121724400,9175611600
quick,zigzag,10000000,com_pre,9633281052,9622464229,9644043648,9633578600,45175562,39479363,9548641100,9607227900,9665411900,9738822000
quick,almostsorted,16,puro,101,99,104,100,9,9,90,94,106,138
quick,almostsorted,16,com_pre,107,105,108,106,7,6,96,103,111,118
quick,almostsorted,32,puro,191,188,194,191,14,11,169,183,201,210
quick,almostsorted,32,com_pre,203,201,206,202,9,10,188,196,210,225
quick,almostsorted,64,puro,462,456,467,461,25,21,416,449,478,503
quick,almostsorted,64,com_pre,495,490,500,496,14,18,455,489,507,529
quick,almostsorted,128,puro,1087,1079,1095,1092,34,30,983,1064,1106,1144
quick,almostsorted,128,com_pre,1167,1157,1177,1170,36,36,1076,1144,1192,1222
quick,almostsorted,256,puro,2352,2329,2379,2350,56,91,2208,2308,2380,2809
quick,almostsorted,256,com_pre,2658,2639,2676,2659,79,67,2510,2619,2714,2799
quick,almostsorted,512,puro,5838,5803,5875,5845,97,130,5557,5773,5891,6189
quick,almostsorted,512,com_pre,6580,6533,6634,6555,107,184,6234,6481,6627,7306
quick,almostsorted,1000,puro,18898,18530,19305,18402,687,1428,17292,17981,19429,24050
quick,almostsorted,1000,com_pre,20328,19971,20758,19903,634,1449,18887,19611,20628,27227
quick,almostsorted,5000,puro,129689,128211,131323,127817,3987,5672,120803,126557,131729,149577
quick,almostsorted,5000,com_pre,140530,138711,142906,138475,3066,7717,133740,136695,141818,183026
quick,almostsorted,10000,puro,217149,215807,218583,216890,3793,5065,207752,213328,218621,230367
quick,almostsorted,10000,com_pre,226970,225634,228334,226085,4539,4928,217131,223474,229870,240894
quick,almostsorted,100000,puro,3504087,3430311,3584274,3505815,115956,279916,2929900,3411967,3575203,4601362
quick,almostsorted,100000,com_pre,3830200,3766682,3916973,3814417,125789,277870,3256200,3716457,3867473,5507850
quick,almostsorted,1000000,puro,32740122,32442898,33043807,32466579,1156131,1098968,31187643,31797571,33949457,34621086
quick,almostsorted,1000000,com_pre,30939917,30700532,31217767,30692371,586675,942906,29941314,30347900,31236329,35074086
quick,almostsorted,10000000,puro,340682036,339873774,341520181,340342150,2089947,3030450,335192200,338975600,341845100,348260500
quick,almostsorted,10000000,com_pre,346037852,345287150,346783550,346168900,2609524,2732963,339830800,344358400,347884700,352290700
quick,duplicates,16,puro,78,76,80,78,10,8,67,70,84,94
quick,duplicates,16,com_pre,87,86,89,88,9,7,76,81,94,101
quick,duplicates,32,puro,103,99,107,102,20,14,81,89,116,131
quick,duplicates,32,com_pre,122,119,126,123,17,13,102,111,135,139
quick,duplicates,64,puro,157,150,163,160,33,23,122,133,179,190
quick,duplicates,64,com_pre,193,187,199,191,29,22,163,173,212,233
quick,duplicates,128,puro,240,232,249,245,42,30,196,212,266,293
quick,duplicates,128,com_pre,324,316,331,321,40,28,281,299,349,377
quick,duplicates,256,puro,430,418,442,444,31,43,357,393,458,531
quick,duplicates,256,com_pre,582,572,593,590,37,38,512,555,613,663
quick,duplicates,512,puro,852,832,873,863,59,75,682,814,900,1085
quick,duplicates,512,com_pre,1154,1135,1172,1167,69,68,975,1112,1200,1314
quick,duplicates,1000,puro,3603,3461,3737,3658,445,503,2230,3438,4002,4337
quick,duplicates,1000,com_pre,5742,5657,5826,5773,399,307,5242,5478,5982,6247
quick,duplicates,5000,puro,22665,22449,22886,22598,914,796,21312,22026,23221,24528
quick,duplicates,5000,com_pre,29906,29660,30174,29954,1050,944,28493,29227,30575,33653
quick,duplicates,10000,puro,41450,41112,41819,41437,888,1287,39557,40610,41864,46471
quick,duplicates,10000,com_pre,55705,55227,56339,55231,1097,2042,53418,54624,56341,67512
quick,duplicates,100000,puro,427864,426250,429640,426196,5900,6199,420300,423310,431011,449520
quick,duplicates,100000,com_pre,575086,572807,577571,572724,6652,8669,562443,568838,580949,604762
quick,duplicates,1000000,puro,3966121,3948815,3984439,3956836,57443,64809,3787950,3930731,4000707,4205040
quick,duplicates,1000000,com_pre,5211235,5191914,5230818,5215564,75637,70603,5002775,5155520,5248785,5400900
quick,duplicates,10000000,puro,39845703,39755970,39934572,39860730,331139,323963,38884020,39616220,40046220,40541900
quick,duplicates,10000000,com_pre,48859568,48788664,48932200,48837362,322743,262345,48383050,48626575,49061650,49521300
quick,inverted,16,puro,105,102,107,102,11,9,91,98,115,119
quick,inverted,16,com_pre,106,104,108,104,6,6,97,100,110,119
quick,inverted,32,puro,171,168,174,171,11,11,151,162,176,196
quick,inverted,32,com_pre,200,198,203,199,10,10,185,193,207,221
quick,inverted,64,puro,358,353,363,357,23,18,323,344,374,394
quick,inverted,64,com_pre,483,479,486,484,14,14,445,473,493,514
quick,inverted,128,puro,948,939,957,948,20,33,878,935,962,1084
quick,inverted,128,com_pre,1125,1116,1134,1131,28,32,1050,1103,1149,1202
quick,inverted,256,puro,2274,2266,2283,2282,30,31,2211,2247,2297,2347
quick,inverted,256,com_pre,2497,2486,2506,2495,38,37,2405,2476,2525,2566
quick,inverted,512,puro,5245,5218,5273,5247,77,101,4999,5199,5303,5539
quick,inverted,512,com_pre,6296,6250,6355,6293,108,193,6029,6208,6337,7417
quick,inverted,1000,puro,17456,17297,17627,17361,547,600,16545,17011,17780,19225
quick,inverted,1000,com_pre,22937,22743,23147,22860,553,738,21886,22496,23242,25510
quick,inverted,5000,puro,175687,172540,179386,170964,5304,12536,164607,168274,176579,228115
quick,inverted,5000,com_pre,232962,230313,236034,229713,5362,10438,223254,227192,234554,272364
quick,inverted,10000,puro,328389,324171,333580,326773,12820,17231,308371,317464,334631,419315
quick,inverted,10000,com_pre,454469,445815,464151,450583,22532,33362,411278,435637,466033,572556
quick,inverted,100000,puro,14042851,13839416,14278493,13787962,557180,804467,13251412,13578862,14344325,17377012
quick,inverted,100000,com_pre,19221543,18989047,19489730,18986933,508334,917071,18314600,18679700,19386467,22741750
quick,inverted,1000000,puro,267645986,266158216,269286922,267343900,5148032,5732040,258624800,263202300,270338400,286855800
quick,inverted,1000000,com_pre,368636932,367602632,369690651,368702800,3858689,3798181,361034500,365863000,370964400,379661200
quick,inverted,10000000,puro,7989575834,7964492372,8013916930,8025621300,103932779,89985930,7839037700,7899040200,8066089200,8127874700
quick,inverted,10000000,com_pre,11413492972,11378006449,11461917995,11380454700,66659770,155925035,11279546700,11345799000,11435915200,12320958000
quick,sawtooth,16,puro,100,98,102,99,7,7,89,94,104,121
quick,sawtooth,16,com_pre,107,105,109,107,7,7,96,101,110,129
quick,sawtooth,32,puro,197,194,200,194,10,11,178,189,207,227
quick,sawtooth,32,com_pre,197,194,200,193,9,11,180,189,206,219
quick,sawtooth,64,puro,295,286,305,284,30,36,240,268,326,385
quick,sawtooth,64,com_pre,312,303,321,316,48,34,263,275,342,363
quick,sawtooth,128,puro,555,543,569,546,61,47,490,518,601,674
quick,sawtooth,128,com_pre,500,487,512,500,62,45,439,456,538,605
quick,sawtooth,256,puro,925,917,933,926,30,29,856,907,947,991
quick,sawtooth,256,com_pre,1398,1383,1413,1400,50,56,1280,1363,1433,1557
quick,sawtooth,512,puro,1795,1776,1819,1786,32,80,1656,1769,1816,2233
quick,sawtooth,512,com_pre,2880,2851,2910,2891,79,107,2642,2839,2946,3266
quick,sawtooth,1000,puro,2662,2632,2693,2675,121,112,2468,2574,2744,2910
quick,sawtooth,1000,com_pre,2898,2873,2923,2910,113,92,2716,2813,2977,3043
quick,sawtooth,5000,puro,12554,12437,12671,12613,573,427,11692,12175,12944,13284
quick,sawtooth,5000,com_pre,13682,13561,13802,13779,436,443,12741,13320,14019,14476
quick,sawtooth,10000,puro,19737,19544,19929,19676,652,702,17905,19374,20176,21199
quick,sawtooth,10000,com_pre,26484,26291,26692,26369,716,731,25279,25971,26948,29014
quick,sawtooth,100000,puro,347996,345752,350520,348463,5157,8617,327392,342455,351467,387527
quick,sawtooth,100000,com_pre,291415,289337,294118,289459,4788,8751,279967,286901,294025,341051
quick,sawtooth,1000000,puro,2942472,2934626,2949998,2944109,21223,27857,2852833,2929400,2958029,3001200
quick,sawtooth,1000000,com_pre,3217219,3207341,3228029,3214283,19589,37484,3122900,3202250,3228675,3378827
quick,sawtooth,10000000,puro,26223461,26132987,26314729,26243821,357402,331740,25520486,25971643,26421771,27040300
quick,sawtooth,10000000,com_pre,30975060,30823456,31126457,30929233,628326,547244,29972650,30523933,31406033,32003000
quick,organpipe,16,puro,94,92,96,92,8,8,83,87,101,112
quick,organpipe,16,com_pre,108,106,110,105,6,7,99,103,113,127
quick,organpipe,32,puro,172,168,175,168,11,13,154,161,182,210
quick,organpipe,32,com_pre,193,190,196,192,12,10,176,184,201,218
quick,organpipe,64,puro,393,380,406,375,51,48,329,355,430,506
quick,organpipe,64,com_pre,406,398,414,409,36,30,354,380,425,462
quick,organpipe,128,puro,914,896,931,912,79,64,813,854,953,1045
quick,organpipe,128,com_pre,939,929,949,934,38,38,871,917,962,1039
quick,organpipe,256,puro,2264,2253,2276,2262,45,42,2173,2232,2304,2344
quick,organpipe,256,com_pre,2405,2391,2419,2415,45,52,2278,2378,2439,2514
quick,organpipe,512,puro,7243,7190,7292,7260,110,186,6465,7188,7336,7686
quick,organpipe,512,com_pre,5848,5821,5875,5861,82,98,5576,5804,5904,6131
quick,organpipe,1000,puro,14800,14705,14898,14800,245,348,13721,14661,14971,16112
quick,organpipe,1000,com_pre,14349,14277,14425,14346,288,270,13887,14121,14493,15308
quick,organpipe,5000,puro,86694,86227,87120,86886,1269,1635,80688,85965,87575,90031
quick,organpipe,5000,com_pre,89661,89173,90146,89599,2200,1788,85432,88293,91154,93029
quick,organpipe,10000,puro,295866,293582,297985,295528,8364,8008,265315,290519,301597,307501
quick,organpipe,10000,com_pre,298738,296615,300726,299339,4167,7492,272486,296593,302770,313297
quick,organpipe,100000,puro,5480533,5442100,5520529,5486990,102412,142581,5182297,5415529,5551840,6019250
quick,organpipe,100000,com_pre,5523720,5489226,5563047,5522734,98906,135195,5256761,5451224,5576207,6143500
quick,organpipe,1000000,puro,4070081084,4060364594,4079773043,4070384800,29440951,35642618,3993936300,4052755600,4096875000,4140484000
quick,organpipe,1000000,com_pre,4071578842,4061129883,4082156804,4070236750,38239960,38259440,3996698900,4043355500,4094940500,4168622900
quick,organpipe,10000000,puro,7516114978,7500124046,7531603988,7520321750,66765702,57755531,7406387900,7472245300,7561560200,7626220600
quick,organpipe,10000000,com_pre,7467423250,7453566093,7481764765,7462750600,47279001,51462560,7358024100,7431231000,7495625800,7587541200
quick,fewruns,16,puro,125,123,126,125,8,7,111,117,131,135
quick,fewruns,16,com_pre,118,116,119,117,4,4,109,115,121,127
quick,fewruns,32,puro,193,189,196,191,14,12,172,184,202,219
quick,fewruns,32,com_pre,211,208,214,209,14,11,194,201,219,230
quick,fewruns,64,puro,400,390,410,405,31,37,324,371,421,509
quick,fewruns,64,com_pre,436,427,445,425,31,34,384,408,459,529
quick,fewruns,128,puro,891,877,904,885,66,50,818,854,934,984
quick,fewruns,128,com_pre,991,980,1003,983,44,42,917,967,1015,1112
quick,fewruns,256,puro,2010,1997,2024,2000,30,49,1922,1984,2030,2151
quick,fewruns,256,com_pre,2193,2184,2201,2194,36,31,2113,2169,2218,2256
quick,fewruns,512,puro,4893,4856,4933,4878,80,139,4648,4841,4932,5435
quick,fewruns,512,com_pre,5481,5419,5555,5417,104,250,5203,5349,5492,6408
quick,fewruns,1000,puro,12568,12459,12673,12660,272,391,11582,12311,12791,13247
quick,fewruns,1000,com_pre,12741,12673,12808,12752,236,245,12228,12619,12928,13238
quick,fewruns,5000,puro,108656,107954,109404,108347,2143,2650,103569,107161,109925,117387
quick,fewruns,5000,com_pre,113039,112034,114130,112329,3661,3816,107138,110204,115283,126835
quick,fewruns,10000,puro,300729,298099,303332,299771,10332,9527,279710,295098,308371,324447
quick,fewruns,10000,com_pre,306880,304124,309791,306824,8809,10305,288009,300719,311644,336543
quick,fewruns,100000,puro,8625881,8566580,8687263,8594425,212469,221005,8227125,8460150,8773933,9153958
quick,fewruns,100000,com_pre,8660546,8567112,8756114,8605196,365739,343504,7954358,8414117,8928425,9464325
quick,fewruns,1000000,puro,248597756,247646580,249595702,248095000,3419913,3552931,242450300,245949800,251024100,259265800
quick,fewruns,1000000,com_pre,248974236,248037305,249923885,248232250,3846457,3435278,243192700,246991900,251713800,256717700
quick,fewruns,10000000,puro,7586778712,7574290581,7601516137,7581423500,34658665,49557443,7507266900,7563311800,7610637600,7834370000
quick,fewruns,10000000,com_pre,7585568954,7574369810,7596705148,7585513850,44751613,40726047,7501619400,7562589500,7618927900,7687311500
quick,real,16,puro,112,110,114,113,6,7,100,107,116,127
quick,real,16,com_pre,118,117,120,117,5,6,111,114,121,130
quick,real,32,puro,170,167,173,170,15,11,150,160,179,196
quick,real,32,com_pre,203,200,206,204,12,11,184,194,211,222
quick,real,64,puro,293,282,305,291,55,42,233,254,329,392
quick,real,64,com_pre,341,333,350,344,43,31,294,312,367,401
quick,real,128,puro,500,486,513,490,57,48,429,460,537,600
quick,real,128,com_pre,607,595,619,611,54,44,539,568,638,683
quick,real,256,puro,1040,1028,1051,1037,40,42,957,1014,1071,1120
quick,real,256,com_pre,1191,1179,1205,1183,40,47,1121,1168,1215,1423
quick,real,512,puro,1962,1944,1979,1972,76,64,1827,1909,2018,2055
quick,real,512,com_pre,2182,2167,2197,2178,45,53,2049,2154,2211,2339
quick,real,1000,puro,3797,3764,3837,3789,102,135,3585,3745,3859,4488
quick,real,1000,com_pre,4416,4393,4438,4432,83,81,4212,4353,4477,4617
quick,real,5000,puro,19243,19097,19404,19083,423,562,18474,18893,19645,21162
quick,real,5000,com_pre,23508,23355,23661,23475,359,555,22238,23292,23780,24899
quick,real,10000,puro,31780,31577,31992,31854,666,754,30310,31186,32210,34249
quick,real,10000,com_pre,39174,38923,39441,39189,710,941,37180,38649,39502,42109
quick,real,100000,puro,922686,919927,925526,921736,11074,10205,896840,915169,930011,953372
quick,real,100000,com_pre,1240945,1237152,1245169,1238752,11801,14594,1219272,1230771,1246691,1300290
insertion,random,16,puro,83,81,85,82,8,7,72,77,88,96
insertion,random,16,com_pre,83,81,85,83,10,7,72,76,90,95
insertion,random,32,puro,151,149,153,152,8,7,136,146,157,163
insertion,random,32,com_pre,145,142,148,147,12,11,126,135,153,166
insertion,random,64,puro,381,378,385,381,13,12,348,373,391,406
insertion,random,64,com_pre,321,315,327,317,20,21,291,305,343,366
insertion,random,128,puro,1543,1523,1565,1527,45,75,1415,1497,1565,1839
insertion,random,128,com_pre,1055,1044,1067,1062,41,41,946,1034,1088,1150
insertion,random,256,puro,4988,4906,5104,4948,173,370,4525,4821,5061,7259
insertion,random,256,com_pre,3652,3611,3695,3628,113,154,3313,3579,3708,4088
insertion,random,512,puro,18304,17930,18749,17862,687,1492,16201,17576,18903,25038
insertion,random,512,com_pre,11876,11749,12001,11876,394,457,10687,11651,12147,12797
insertion,random,1000,puro,68138,67115,69433,67483,2229,4267,61768,66183,69378,91105
insertion,random,1000,com_pre,44601,44029,45271,44563,1353,2265,40488,43343,45269,55904
insertion,random,5000,puro,1422308,1397362,1458852,1406450,51298,114985,1322223,1370839,1440269,2146700
insertion,random,5000,com_pre,828407,816541,842413,821929,25504,47456,757300,804493,838125,1060206
insertion,random,10000,puro,5209692,5171783,5253524,5183856,92963,149362,4964100,5123500,5252333,5883500
insertion,random,10000,com_pre,2921094,2903804,2941195,2908231,41981,68714,2826088,2879879,2935550,3187515
insertion,random,100000,puro,538038830,535350526,540804992,538658850,6057755,7732568,524469500,532438100,541960200,557798300
insertion,random,100000,com_pre,300156293,297758788,302678311,297857300,6816550,6978975,289401500,295098900,305766400,316380800
insertion,turtles,16,puro,85,83,87,83,10,8,72,79,91,111
insertion,turtles,16,com_pre,87,85,89,87,7,7,75,83,93,101
insertion,turtles,32,puro,150,148,152,151,10,8,136,144,156,165
insertion,turtles,32,com_pre,144,141,147,142,12,10,128,134,154,169
insertion,turtles,64,puro,380,376,383,381,14,13,353,370,389,417
insertion,turtles,64,com_pre,367,361,372,371,16,19,325,354,379,404
insertion,turtles,128,puro,1264,1253,1275,1256,27,40,1200,1240,1282,1396
insertion,turtles,128,com_pre,974,964,985,977,33,38,898,950,994,1107
insertion,turtles,256,puro,4888,4846,4948,4866,73,191,4697,4814,4909,6045
insertion,turtles,256,com_pre,3448,3394,3514,3419,153,222,3124,3316,3513,4613
insertion,turtles,512,puro,18328,18047,18741,18045,337,1315,17404,17848,18277,26473
insertion,turtles,512,com_pre,12348,12216,12479,12339,457,479,11322,12072,12711,13356
insertion,turtles,1000,puro,70291,69391,71258,69599,2677,3409,64712,67995,71505,80229
insertion,turtles,1000,com_pre,46314,45793,46861,45929,1595,1935,42782,45045,47364,50559
insertion,turtles,5000,puro,1674417,1652987,1697477,1650610,70742,81236,1561917,1609800,1712766,1865383
insertion,turtles,5000,com_pre,1018442,1003955,1035841,999966,36137,58501,958275,982324,1038709,1310681
insertion,turtles,10000,puro,6330416,6296428,6377119,6305052,69458,149213,6143900,6277222,6365657,7218883
insertion,turtles,10000,com_pre,3801572,3785988,3817911,3795226,54413,58286,3705153,3762873,3834055,3966730
insertion,turtles,100000,puro,662940473,660072519,665689118,664747700,9252388,8033637,646824300,657524400,669206600,674610000
insertion,turtles,100000,com_pre,390965333,388288943,393866206,388544900,6679928,7899265,377725500,385863100,396398800,412301000
insertion,zigzag,16,puro,84,82,85,82,8,6,74,79,89,94
insertion,zigzag,16,com_pre,74,72,76,73,8,6,64,68,80,86
insertion,zigzag,32,puro,151,149,153,150,10,8,135,145,157,167
insertion,zigzag,32,com_pre,102,99,106,100,15,12,86,91,114,122
insertion,zigzag,64,puro,382,378,387,382,15,16,345,373,393,429
insertion,zigzag,64,com_pre,166,160,172,168,33,23,132,141,187,203
insertion,zigzag,128,puro,1185,1173,1197,1184,33,44,1090,1168,1208,1320
insertion,zigzag,128,com_pre,260,251,268,269,35,30,212,227,286,303
insertion,zigzag,256,puro,4471,4421,4523,4436,192,186,4112,4343,4588,5050
insertion,zigzag,256,com_pre,452,440,463,460,40,41,358,425,483,538
insertion,zigzag,512,puro,17121,16901,17437,16959,422,998,15896,16698,17289,23279
insertion,zigzag,512,com_pre,829,810,847,860,55,68,697,755,884,920
insertion,zigzag,1000,puro,66103,65360,66898,65805,2349,2806,60348,64271,67696,76564
insertion,zigzag,1000,com_pre,1824,1754,1891,1877,261,250,1334,1655,2025,2156
insertion,zigzag,5000,puro,1434026,1413944,1458277,1419551,52908,81091,1322546,1386690,1461056,1835133
insertion,zigzag,5000,com_pre,7506,7284,7724,7567,836,801,6211,6729,8087,9424
insertion,zigzag,10000,puro,5249967,5220080,5282406,5222079,65264,114211,5026450,5188394,5292836,5610100
insertion,zigzag,10000,com_pre,13595,13431,13759,13614,463,600,12434,13302,13999,15422
insertion,zigzag,100000,puro,537285270,534800186,539835700,537043850,6341451,7155092,523684600,532808700,541363200,553907700
insertion,zigzag,100000,com_pre,128539,126409,130928,127315,4002,6449,116762,124872,131934,148015
insertion,almostsorted,16,puro,67,66,69,67,9,7,58,61,74,80
insertion,almostsorted,16,com_pre,75,73,76,75,9,7,65,67,81,85
insertion,almostsorted,32,puro,75,73,77,77,10,8,64,67,83,88
insertion,almostsorted,32,com_pre,101,97,104,99,18,13,84,89,112,120
insertion,almostsorted,64,puro,102,99,104,105,9,10,84,94,109,115
insertion,almostsorted,64,com_pre,153,146,159,152,33,22,122,130,175,190
insertion,almostsorted,128,puro,189,186,192,194,9,11,164,180,197,203
insertion,almostsorted,128,com_pre,263,254,272,273,38,33,207,234,291,324
insertion,almostsorted,256,puro,401,395,406,408,21,20,364,384,416,431
insertion,almostsorted,256,com_pre,483,472,495,495,44,43,408,451,512,582
insertion,almostsorted,512,puro,1058,1047,1068,1063,20,37,891,1041,1075,1166
insertion,almostsorted,512,com_pre,1103,1080,1125,1144,55,82,941,1026,1171,1213
insertion,almostsorted,1000,puro,3342,3298,3386,3346,161,160,2992,3240,3466,3667
insertion,almostsorted,1000,com_pre,3111,3027,3195,3200,336,305,2597,2808,3325,3744
insertion,almostsorted,5000,puro,52147,51001,53402,50586,2870,4374,47174,48923,54420,65933
insertion,almostsorted,5000,com_pre,38138,37514,38846,37998,2124,2419,34672,36502,38770,48278
insertion,almostsorted,10000,puro,188554,184415,192955,183265,13392,15531,167267,176687,196400,228078
insertion,almostsorted,10000,com_pre,134690,131357,138554,131991,8466,13058,118428,125832,136792,184319
insertion,almostsorted,100000,puro,14662785,14542525,14792083,14570054,308811,355414,14091343,14431865,14893867,15626450
insertion,almostsorted,100000,com_pre,8902667,8821203,8989470,8883561,172838,239164,8438890,8772900,9002728,9603900
insertion,duplicates,16,puro,79,77,81,79,10,8,67,72,86,91
insertion,duplicates,16,com_pre,79,77,81,79,8,7,66,73,84,94
insertion,duplicates,32,puro,131,129,133,133,8,8,118,123,136,149
insertion,duplicates,32,com_pre,125,122,128,126,14,11,106,117,135,142
insertion,duplicates,64,puro,305,302,309,307,11,12,271,298,312,351
insertion,duplicates,64,com_pre,246,240,252,247,31,22,212,224,267,288
insertion,duplicates,128,puro,1199,1183,1219,1181,35,67,1125,1164,1216,1574
insertion,duplicates,128,com_pre,591,584,599,585,23,28,529,571,610,650
insertion,duplicates,256,puro,4019,3980,4058,4017,126,143,3691,3937,4114,4474
insertion,duplicates,256,com_pre,2281,2263,2299,2275,71,66,2120,2226,2322,2435
insertion,duplicates,512,puro,12974,12809,13157,12826,459,633,11843,12541,13205,15169
insertion,duplicates,512,com_pre,7271,7167,7375,7210,267,379,6122,7057,7450,8105
insertion,duplicates,1000,puro,45388,44571,46393,44615,1808,3352,41700,43594,46163,62336
insertion,duplicates,1000,com_pre,25489,25038,25966,25587,1112,1694,21933,24696,26184,31878
insertion,duplicates,5000,puro,970814,948483,996081,945044,45147,87299,883548,913371,971825,1297218
insertion,duplicates,5000,com_pre,405465,398707,413192,398671,12826,26537,366605,390251,408725,505075
insertion,duplicates,10000,puro,3673329,3642306,3707340,3650075,103218,119294,3513808,3587838,3720100,4131925
insertion,duplicates,10000,com_pre,1456812,1438833,1478220,1442732,54223,72090,1374777,1410129,1481233,1809233
insertion,duplicates,100000,puro,356610807,354539678,358925823,354836750,4785610,6197457,346608500,352466500,359702400,376644000
insertion,duplicates,100000,com_pre,136372937,135250477,137597662,135704700,3298377,3341234,132063050,133618450,137974400,146720000
insertion,inverted,16,puro,92,90,94,93,7,7,80,87,97,105
insertion,inverted,16,com_pre,74,72,76,73,10,7,63,68,81,92
insertion,inverted,32,puro,185,182,187,184,12,9,169,177,193,202
insertion,inverted,32,com_pre,98,94,101,99,17,13,78,86,109,122
insertion,inverted,64,puro,525,520,529,523,10,16,498,517,530,594
insertion,inverted,64,com_pre,148,142,155,147,33,24,112,127,170,185
insertion,inverted,128,puro,2081,2069,2095,2076,24,47,1986,2063,2096,2234
insertion,inverted,128,com_pre,230,222,238,234,36,29,181,205,257,269
insertion,inverted,256,puro,8263,8211,8313,8268,123,185,7749,8196,8355,8679
insertion,inverted,256,com_pre,393,380,405,409,51,45,315,351,423,481
insertion,inverted,512,puro,30783,30510,31046,30909,673,974,27688,30357,31346,33555
insertion,inverted,512,com_pre,761,735,786,795,82,93,580,682,840,881
insertion,inverted,1000,puro,113822,111874,116230,111666,4281,7948,104844,109038,116105,154969
insertion,inverted,1000,com_pre,1628,1555,1700,1742,238,264,1132,1380,1828,2007
insertion,inverted,5000,puro,2702101,2678952,2726407,2681633,72372,86889,2542650,2645923,2754741,2951575
insertion,inverted,5000,com_pre,6956,6706,7203,7309,898,907,5471,6047,7658,8443
insertion,inverted,10000,puro,10725418,10631593,10828364,10668525,349567,358969,10288620,10425950,10897510,11935810
insertion,inverted,10000,com_pre,12814,12583,13037,12990,716,826,10791,12384,13335,14818
insertion,inverted,100000,puro,1064686720,1046260855,1088189005,1037844300,22599123,60218267,1022026000,1026663600,1079376800,1310955000
insertion,inverted,100000,com_pre,121164,118031,124782,118980,6668,9591,111117,114574,123642,148437
insertion,sawtooth,16,puro,68,67,70,68,8,6,58,63,75,80
insertion,sawtooth,16,com_pre,75,73,77,74,10,7,65,68,82,89
insertion,sawtooth,32,puro,109,107,111,109,10,8,95,102,116,125
insertion,sawtooth,32,com_pre,134,130,137,135,18,13,115,121,146,158
insertion,sawtooth,64,puro,295,291,300,298,20,17,258,279,309,325
insertion,sawtooth,64,com_pre,308,298,318,310,47,36,230,276,338,380
insertion,sawtooth,128,puro,965,954,976,972,33,40,855,942,993,1031
insertion,sawtooth,128,com_pre,797,783,809,805,41,48,604,775,822,886
insertion,sawtooth,256,puro,3796,3756,3846,3779,124,166,3565,3694,3861,4657
insertion,sawtooth,256,com_pre,2312,2264,2364,2289,114,182,1915,2233,2369,2881
insertion,sawtooth,512,puro,14408,14324,14504,14384,186,329,13870,14196,14481,15893
insertion,sawtooth,512,com_pre,8537,8361,8723,8362,578,663,7294,8043,9141,10468
insertion,sawtooth,1000,puro,53763,53126,54594,53171,1216,2692,50657,52290,53774,68739
insertion,sawtooth,1000,com_pre,42182,41224,43379,41603,2279,3948,36400,40271,43194,63793
insertion,sawtooth,5000,puro,1224990,1219170,1231052,1223159,20338,21684,1190119,1210489,1237925,1291084
insertion,sawtooth,5000,com_pre,859537,850440,868827,859677,25044,33476,802815,841907,875690,931977
insertion,sawtooth,10000,puro,4820542,4799769,4842048,4809947,57499,77146,4674933,4773983,4866600,5052895
insertion,sawtooth,10000,com_pre,2297883,2284272,2311871,2292305,53327,50534,2220950,2259817,2335532,2419520
insertion,sawtooth,100000,puro,482080767,480707151,483502023,480794800,3298266,3988960,474764600,479190400,485000700,489899800
insertion,sawtooth,100000,com_pre,226495080,225431357,227532938,227112800,2707079,3011459,221028700,225220300,228063100,232382400
insertion,organpipe,16,puro,84,82,86,84,9,7,74,77,90,96
insertion,organpipe,16,com_pre,84,82,86,84,7,7,74,77,89,97
insertion,organpipe,32,puro,147,145,148,147,6,6,134,143,151,157
insertion,organpipe,32,com_pre,152,149,155,154,13,11,132,141,161,176
insertion,organpipe,64,puro,340,334,346,346,22,22,301,322,358,374
insertion,organpipe,64,com_pre,399,388,410,396,41,40,320,374,427,488
insertion,organpipe,128,puro,1176,1158,1196,1169,55,69,1011,1136,1207,1362
insertion,organpipe,128,com_pre,1408,1375,1438,1429,72,116,1066,1375,1473,1640
insertion,organpipe,256,puro,4446,4348,4555,4301,193,377,3956,4202,4638,5828
insertion,organpipe,256,com_pre,4894,4773,5024,4871,399,454,3939,4563,5090,6492
insertion,organpipe,512,puro,16622,16247,17023,16187,1090,1418,14473,15623,17430,21200
insertion,organpipe,512,com_pre,17555,17179,17932,17480,1157,1367,14370,16781,18280,21310
insertion,organpipe,1000,puro,60383,58923,61978,59922,3302,5569,52351,56538,61829,79959
insertion,organpipe,1000,com_pre,60265,59134,61468,60118,3613,4257,52175,57406,61948,74229
insertion,organpipe,5000,puro,1309421,1299048,1320385,1300882,36885,38814,1247678,1287606,1332428,1419536
insertion,organpipe,5000,com_pre,1330559,1310943,1360070,1318841,36157,92393,1263028,1292151,1341166,1912933
insertion,organpipe,10000,puro,5168195,5143213,5194078,5150273,67842,92816,4965350,5114525,5231253,5432025
insertion,organpipe,10000,com_pre,5166410,5139158,5197906,5151904,86007,106854,5023300,5093570,5209591,5656390
insertion,organpipe,100000,puro,517786293,516063663,519599655,516685550,5404522,5062674,510508800,514176600,520694200,529533300
insertion,organpipe,100000,com_pre,521403947,520017197,522698944,522299800,2770535,3821196,510086000,519976800,523472300,528871800
insertion,fewruns,16,puro,69,67,71,69,9,7,59,63,75,80
insertion,fewruns,16,com_pre,75,73,77,75,9,7,64,69,81,88
insertion,fewruns,32,puro,88,86,91,90,10,8,76,81,95,102
insertion,fewruns,32,com_pre,104,101,108,106,17,12,87,92,116,123
insertion,fewruns,64,puro,138,133,143,142,21,18,110,118,153,173
insertion,fewruns,64,com_pre,183,174,192,187,43,33,140,146,214,247
insertion,fewruns,128,puro,287,281,293,293,28,23,249,270,305,322
insertion,fewruns,128,com_pre,380,367,393,387,66,47,307,337,420,461
insertion,fewruns,256,puro,763,748,786,756,25,74,694,733,772,1248
insertion,fewruns,256,com_pre,916,902,934,901,46,58,828,886,943,1196
insertion,fewruns,512,puro,2756,2668,2852,2678,129,337,2234,2595,2768,3703
insertion,fewruns,512,com_pre,2793,2755,2832,2792,154,141,2480,2688,2892,3076
insertion,fewruns,1000,puro,8891,8784,8998,8871,350,388,8084,8680,9139,10011
insertion,fewruns,1000,com_pre,9169,9072,9277,9160,207,373,8496,8987,9294,10793
insertion,fewruns,5000,puro,185147,183424,187094,184177,3809,6677,172814,182244,186801,214495
insertion,fewruns,5000,com_pre,187155,185530,189027,185836,3586,6371,177941,183959,189499,212171
insertion,fewruns,10000,puro,710334,700558,722192,697938,14721,39750,668589,688818,713906,901706
insertion,fewruns,10000,com_pre,692836,688434,697721,691758,12284,16946,669800,681269,696334,755350
insertion,fewruns,100000,puro,65103210,64873193,65335485,65104400,632675,657514,63820733,64663833,65517300,66632433
insertion,fewruns,100000,com_pre,64859476,64575947,65142110,64944050,877823,803182,63391267,64118133,65303167,66263633
insertion,real,16,puro,87,86,89,87,8,6,77,82,92,104
insertion,real,16,com_pre,84,82,86,83,8,7,73,78,90,95
insertion,real,32,puro,120,117,122,120,9,9,104,112,126,143
insertion,real,32,com_pre,124,121,127,124,11,10,103,117,132,143
insertion,real,64,puro,325,319,331,325,20,21,272,310,336,382
insertion,real,64,com_pre,323,314,333,315,34,36,267,294,355,415
insertion,real,128,puro,1146,1127,1165,1123,51,69,1049,1093,1173,1352
insertion,real,128,com_pre,860,841,879,874,71,70,711,812,906,979
insertion,real,256,puro,4102,4032,4179,4014,203,268,3710,3910,4194,4909
insertion,real,256,com_pre,2882,2823,2950,2844,190,232,2529,2723,2973,3857
insertion,real,512,puro,15970,15671,16273,16041,1096,1096,13801,15236,16589,19050
insertion,real,512,com_pre,9742,9574,9923,9672,518,638,8647,9322,9998,11626
insertion,real,1000,puro,60095,59019,61269,60047,3390,4078,52269,57653,62179,77953
insertion,real,1000,com_pre,33365,32927,33943,33099,1069,1861,30986,32393,33835,44053
insertion,real,5000,puro,1244715,1235805,1254705,1239802,22635,34432,1191781,1225394,1261877,1397250
insertion,real,5000,com_pre,724007,716599,732014,721805,22438,28038,670783,706974,736961,809411
insertion,real,10000,puro,4691355,4657200,4732843,4656684,57401,138535,4541700,4618082,4702561,5359533
insertion,real,10000,com_pre,2710842,2697371,2725788,2707148,38331,51760,2602500,2685012,2734490,2938412
insertion,real,100000,puro,511989967,510501565,513570962,511754150,2948743,4341892,503860900,509251900,513604300,522153800
insertion,real,100000,com_pre,275452430,274628060,276272121,275287600,2144136,2358778,269917300,274290700,276816000,280032100
bubble,random,16,puro,106,105,108,107,6,5,95,102,110,117
bubble,random,16,com_pre,97,94,102,95,8,14,86,90,100,187
bubble,random,32,puro,286,283,288,287,10,10,254,280,292,307
bubble,random,32,com_pre,242,240,245,241,8,10,221,237,249,270
bubble,random,64,puro,1098,1084,1117,1094,33,61,1010,1072,1113,1453
bubble,random,64,com_pre,747,739,755,747,25,28,674,735,767,808
bubble,random,128,puro,8486,8459,8517,8468,77,106,8314,8419,8525,8902
bubble,random,128,com_pre,6928,6894,6960,6954,80,120,6558,6872,6992,7275
bubble,random,256,puro,25399,25294,25536,25378,234,443,24701,25219,25531,27909
bubble,random,256,com_pre,22541,22444,22632,22545,247,343,21332,22413,22713,23197
bubble,random,512,puro,82042,81570,82546,81761,1241,1777,78726,80839,82489,86804
bubble,random,512,com_pre,72700,72279,73134,72615,1216,1551,69624,72023,73571,76734
bubble,random,1000,puro,277014,275289,278881,276401,5511,6602,264972,272451,279957,299273
bubble,random,1000,com_pre,240931,239055,243161,239347,3440,7475,231649,237099,241739,271659
bubble,random,5000,puro,6201914,6155790,6249056,6178939,130020,170224,5736200,6099367,6298587,6563065
bubble,random,5000,com_pre,5278772,5244689,5310851,5288477,86658,119801,4803600,5212550,5334618,5616624
bubble,random,10000,puro,23314167,23224973,23408090,23327490,302124,333915,22705000,23081060,23462740,24430320
bubble,random,10000,com_pre,19847684,19785161,19910213,19875767,195691,227272,19297433,19701617,19993933,20505217
bubble,random,100000,puro,3319216963,3308996456,3329508383,3320708450,41701682,29110923,3269173300,3290728200,3348666600,3370437600
bubble,random,100000,com_pre,2468592567,2456820141,2480706659,2468244500,28625818,33739247,2386674400,2447499600,2486917900,2568751500
bubble,turtles,16,puro,101,99,103,100,7,7,91,96,107,118
bubble,turtles,16,com_pre,101,99,103,102,8,7,88,95,106,112
bubble,turtles,32,puro,253,249,257,250,9,14,226,245,259,306
bubble,turtles,32,com_pre,225,222,229,224,11,12,201,218,233,274
bubble,turtles,64,puro,821,814,826,821,18,22,738,808,833,866
bubble,turtles,64,com_pre,697,692,702,696,18,17,662,684,708,740
bubble,turtles,128,puro,3169,3144,3196,3173,73,95,2887,3119,3220,3527
bubble,turtles,128,com_pre,2417,2400,2434,2425,48,63,2238,2393,2457,2567
bubble,turtles,256,puro,12878,12811,12941,12896,190,237,12116,12777,13045,13433
bubble,turtles,256,com_pre,9181,9098,9268,9188,230,308,8527,9015,9337,10428
bubble,turtles,512,puro,51656,51363,51944,51756,917,1059,48292,51024,52292,54389
bubble,turtles,512,com_pre,38584,38297,38861,38660,644,1034,35902,38227,39186,41780
bubble,turtles,1000,puro,207453,205349,209678,206666,6833,7868,195703,201860,210431,231076
bubble,turtles,1000,com_pre,154614,153140,156094,154794,3455,5409,141608,152361,156961,171008
bubble,turtles,5000,puro,4875399,4833941,4927042,4845621,82144,170183,4574300,4787697,4899237,5766800
bubble,turtles,5000,com_pre,3578715,3554726,3603344,3563904,68373,88485,3384800,3527573,3618781,3824204
bubble,turtles,10000,puro,18790391,18728029,18853256,18782133,211789,229198,18329750,18647383,18940600,19272350
bubble,turtles,10000,com_pre,13857276,13786474,13931407,13784350,259983,263155,13465975,13662900,14032038,14548762
bubble,turtles,100000,puro,1921608010,1913486853,1931700549,1916532400,11925738,26101105,1885942600,1909502800,1925761600,2028318000
bubble,turtles,100000,com_pre,1379574093,1376058320,1383209260,1378287250,8976179,10185989,1361190000,1372545500,1384786000,1401925500
bubble,zigzag,16,puro,105,104,107,106,6,6,93,100,110,115
bubble,zigzag,16,com_pre,81,79,83,80,9,7,70,75,87,95
bubble,zigzag,32,puro,261,258,263,260,10,9,241,254,267,285
bubble,zigzag,32,com_pre,112,108,115,115,18,13,93,98,124,132
bubble,zigzag,64,puro,855,849,860,856,19,20,806,842,867,905
bubble,zigzag,64,com_pre,179,174,185,178,26,20,146,164,197,214
bubble,zigzag,128,puro,3178,3159,3196,3178,47,68,2957,3149,3214,3363
bubble,zigzag,128,com_pre,280,273,287,280,34,26,235,257,304,326
bubble,zigzag,256,puro,13157,13016,13330,13065,288,573,12030,12870,13242,16064
bubble,zigzag,256,com_pre,519,507,532,534,31,45,412,499,544,640
bubble,zigzag,512,puro,53142,52795,53451,53421,800,1195,48714,52634,53812,54775
bubble,zigzag,512,com_pre,1010,964,1083,1005,68,230,837,926,1036,2535
bubble,zigzag,1000,puro,208798,206144,211528,206895,7773,9839,192788,201938,212443,230892
bubble,zigzag,1000,com_pre,2356,2263,2454,2361,313,348,1591,2119,2515,3438
bubble,zigzag,5000,puro,4888767,4855832,4924367,4867186,92802,125125,4684089,4812263,4953402,5265565
bubble,zigzag,5000,com_pre,9299,8983,9616,9429,1366,1155,7212,8429,10184,12391
bubble,zigzag,10000,puro,18469420,18401775,18537094,18456908,239761,245791,17903017,18295250,18653717,18994933
bubble,zigzag,10000,com_pre,15997,15823,16183,15955,440,657,14958,15653,16209,18116
bubble,zigzag,100000,puro,1878120423,1872732154,1883319604,1878529550,14831041,15135526,1844870700,1868417100,1888423900,1906286400
bubble,zigzag,100000,com_pre,155405,153996,156997,155157,2583,4274,149538,152791,156366,169926
bubble,almostsorted,16,puro,67,65,69,66,9,7,57,61,74,80
bubble,almostsorted,16,com_pre,72,69,75,70,8,11,61,66,76,130
bubble,almostsorted,32,puro,77,74,80,80,15,11,60,67,88,94
bubble,almostsorted,32,com_pre,91,88,95,89,20,13,73,78,105,115
bubble,almostsorted,64,puro,89,86,92,95,10,11,69,79,98,103
bubble,almostsorted,64,com_pre,137,131,143,137,30,22,105,115,157,169
bubble,almostsorted,128,puro,1730,1720,1739,1731,30,35,1592,1716,1753,1792
bubble,almostsorted,128,com_pre,841,834,848,841,26,26,782,825,860,895
bubble,almostsorted,256,puro,10363,10299,10429,10335,175,237,9818,10224,10482,11186
bubble,almostsorted,256,com_pre,3980,3944,4014,4000,99,128,3688,3914,4057,4257
bubble,almostsorted,512,puro,43232,42670,43770,43457,1742,2003,36623,42232,44581,48501
bubble,almostsorted,512,com_pre,23372,23037,23742,22992,827,1287,21493,22445,23807,27571
bubble,almostsorted,1000,puro,192510,187954,197155,193967,17542,16725,162987,179089,202166,237028
bubble,almostsorted,1000,com_pre,112832,110412,115396,111520,6894,9079,97265,106840,114849,134697
bubble,almostsorted,5000,puro,4131539,4081963,4190600,4078831,121670,199629,3901564,4008800,4194485,4964314
bubble,almostsorted,5000,com_pre,3392265,3347172,3444260,3338892,71387,177406,3201430,3290982,3399019,4012017
bubble,almostsorted,10000,puro,16513402,16388361,16664081,16429179,265396,506587,15883786,16246557,16587757,18790457
bubble,almostsorted,10000,com_pre,13788506,13737455,13839523,13770662,238328,186393,13475312,13642738,13956588,14128350
bubble,almostsorted,100000,puro,1779996443,1777331723,1782640370,1781272650,5578505,7562994,1762920200,1775121200,1784526400,1800860400
bubble,almostsorted,100000,com_pre,1662742820,1656465275,1669700257,1659266600,9317251,18851821,1632205800,1653616100,1665813600,1720577900
bubble,duplicates,16,puro,99,97,101,99,8,6,87,94,105,113
bubble,duplicates,16,com_pre,90,88,93,91,8,8,78,85,96,112
bubble,duplicates,32,puro,236,233,238,236,13,10,218,227,245,255
bubble,duplicates,32,com_pre,196,193,199,195,10,11,171,189,200,220
bubble,duplicates,64,puro,759,749,768,760,28,34,644,741,779,825
bubble,duplicates,64,com_pre,553,546,559,558,24,23,494,536,570,600
bubble,duplicates,128,puro,5434,5388,5500,5411,76,208,5123,5362,5473,6697
bubble,duplicates,128,com_pre,3192,3172,3214,3185,62,76,2992,3144,3228,3472
bubble,duplicates,256,puro,17202,17124,17276,17222,282,276,16203,17022,17408,17916
bubble,duplicates,256,com_pre,13326,13244,13404,13338,277,291,12462,13166,13547,13826
bubble,duplicates,512,puro,57693,57461,57930,57755,688,856,55582,57226,58203,60404
bubble,duplicates,512,com_pre,46135,45870,46392,46373,1009,957,43542,45482,46875,47854
bubble,duplicates,1000,puro,215636,213908,217650,213896,3197,6826,205249,212788,216631,244372
bubble,duplicates,1000,com_pre,178906,177088,181114,178208,4175,7334,164405,175394,181026,216528
bubble,duplicates,5000,puro,5297189,5274452,5320753,5277992,78148,84589,5119647,5248050,5355726,5522673
bubble,duplicates,5000,com_pre,4337766,4304776,4369881,4339827,100517,118553,3900867,4274306,4414419,4718350
bubble,duplicates,10000,puro,20765798,20682104,20850934,20719190,351258,307036,20249480,20552260,20992460,21469720
bubble,duplicates,10000,com_pre,16600825,16504051,16698749,16583800,336476,354277,15821243,16358843,16815671,17481071
bubble,duplicates,100000,puro,3222468500,3144747582,3301113877,3217441950,259361888,223288779,2862670000,3022564900,3358063600,3654293800
bubble,duplicates,100000,com_pre,2035400620,2016864736,2056952562,2029847850,48412671,57080786,1952936400,1991362400,2059598400,2243631200
bubble,inverted,16,puro,111,109,113,111,7,7,101,106,116,125
bubble,inverted,16,com_pre,72,71,74,72,8,6,62,67,78,86
bubble,inverted,32,puro,278,275,280,278,8,9,257,273,284,297
bubble,inverted,32,com_pre,92,89,96,91,18,13,72,80,105,114
bubble,inverted,64,puro,957,952,963,958,13,20,910,949,966,1038
bubble,inverted,64,com_pre,133,127,140,136,32,24,99,108,155,165
bubble,inverted,128,puro,3746,3729,3764,3734,51,64,3627,3702,3776,3952
bubble,inverted,128,com_pre,192,184,201,201,34,31,144,158,221,253
bubble,inverted,256,puro,14292,14226,14363,14238,240,249,13879,14094,14443,15127
bubble,inverted,256,com_pre,321,308,334,340,44,48,240,284,359,390
bubble,inverted,512,puro,55898,55660,56147,55906,530,887,54003,55503,56259,59114
bubble,inverted,512,com_pre,600,575,625,650,67,90,436,508,678,710
bubble,inverted,1000,puro,223000,219524,227087,220457,10638,13758,204414,213343,228128,287921
bubble,inverted,1000,com_pre,1166,1132,1199,1164,75,122,827,1127,1226,1498
bubble,inverted,5000,puro,5299099,5257164,5347799,5264813,93642,164269,5070050,5208743,5361600,5929788
bubble,inverted,5000,com_pre,5395,5116,5675,5326,1257,1016,4016,4527,6252,7175
bubble,inverted,10000,puro,21031375,20896628,21176964,20950550,440377,509494,20409140,20661380,21276780,22390400
bubble,inverted,10000,com_pre,9223,9032,9407,9396,446,684,7668,8831,9672,11070
bubble,inverted,100000,puro,2096129607,2090822493,2101589942,2095544900,16393775,15297087,2070584800,2084433100,2105407400,2126625000
bubble,inverted,100000,com_pre,81722,81001,82571,81521,1437,2246,77756,80570,82508,90632
bubble,sawtooth,16,puro,69,67,71,69,10,8,58,62,75,92
bubble,sawtooth,16,com_pre,74,71,76,74,11,9,61,67,81,96
bubble,sawtooth,32,puro,197,195,199,197,8,8,177,191,201,216
bubble,sawtooth,32,com_pre,210,206,214,209,15,14,183,200,220,241
bubble,sawtooth,64,puro,761,753,769,764,17,28,664,754,779,810
bubble,sawtooth,64,com_pre,643,634,650,644,23,29,561,627,658,697
bubble,sawtooth,128,puro,2987,2965,3008,2981,72,79,2716,2947,3038,3199
bubble,sawtooth,128,com_pre,2198,2176,2220,2202,61,81,1918,2158,2231,2444
bubble,sawtooth,256,puro,11823,11708,11934,11868,266,412,10645,11688,12046,13001
bubble,sawtooth,256,com_pre,8131,8067,8190,8134,169,223,7363,8061,8256,8569
bubble,sawtooth,512,puro,48806,48420,49197,48808,1087,1412,44483,48077,49543,52682
bubble,sawtooth,512,com_pre,33040,32737,33342,33048,870,1102,30733,32580,33727,35858
bubble,sawtooth,1000,puro,198430,196765,200055,199670,5794,6029,183513,195165,201519,211320
bubble,sawtooth,1000,com_pre,171337,169944,172846,171224,3224,5283,156974,168651,173283,193126
bubble,sawtooth,5000,puro,4641884,4617746,4669138,4630383,49750,93414,4474300,4588600,4657898,4974533
bubble,sawtooth,5000,com_pre,4054785,4021409,4089180,4043408,75576,123724,3711400,3991559,4089352,4379525
bubble,sawtooth,10000,puro,18316547,18207066,18427413,18276008,516686,402094,17585833,17947450,18653933,19089833
bubble,sawtooth,10000,com_pre,12120685,12056800,12190869,12075778,197112,244623,11704589,11967533,12274133,13078344
bubble,sawtooth,100000,puro,1792075363,1787819323,1796286291,1792692250,10040612,12100673,1763863200,1784649100,1798638900,1817832500
bubble,sawtooth,100000,com_pre,1189004440,1186212180,1191883973,1188442400,10069448,8105610,1176717100,1181438100,1194171000,1205961500
bubble,organpipe,16,puro,102,100,104,101,7,6,93,97,106,116
bubble,organpipe,16,com_pre,108,106,110,108,8,7,97,102,114,122
bubble,organpipe,32,puro,249,246,252,250,10,11,224,242,256,271
bubble,organpipe,32,com_pre,257,255,260,259,9,9,234,253,265,271
bubble,organpipe,64,puro,812,805,818,815,18,23,752,804,828,852
bubble,organpipe,64,com_pre,861,853,869,862,25,29,777,845,879,935
bubble,organpipe,128,puro,3008,2990,3026,3018,59,66,2821,2962,3056,3134
bubble,organpipe,128,com_pre,3063,3038,3086,3078,70,88,2857,3026,3117,3239
bubble,organpipe,256,puro,12843,12744,12939,12855,247,355,11624,12673,13007,13741
bubble,organpipe,256,com_pre,13135,13028,13252,13121,292,407,12381,12940,13338,14810
bubble,organpipe,512,puro,50276,49982,50558,50375,700,1045,47597,49954,50883,52438
bubble,organpipe,512,com_pre,50745,50466,51057,50652,670,1081,47988,50275,51181,55814
bubble,organpipe,1000,puro,188387,187673,189115,187977,2678,2630,183155,186291,190358,194519
bubble,organpipe,1000,com_pre,188836,187778,189872,189137,3098,3831,179333,186927,191010,198813
bubble,organpipe,5000,puro,4526667,4508787,4545024,4529080,56698,66186,4392600,4489576,4564850,4714138
bubble,organpipe,5000,com_pre,4559329,4530425,4592724,4547338,86158,114239,4395050,4480881,4602243,5091500
bubble,organpipe,10000,puro,17928725,17878452,17981478,17928525,153807,188357,17577350,17795700,18015783,18491417
bubble,organpipe,10000,com_pre,18059140,18010098,18109910,18023217,144887,182539,17722417,17953100,18173033,18524250
bubble,organpipe,100000,puro,1793312860,1790485352,1796092839,1793817300,9874783,7985594,1778049700,1787053500,1800469200,1807047200
bubble,organpipe,100000,com_pre,1798798943,1795839980,1801476885,1801593250,5115266,8043241,1778470500,1794494500,1804070200,1809452900
bubble,fewruns,16,puro,70,68,72,71,11,7,60,63,76,82
bubble,fewruns,16,com_pre,75,74,77,75,7,6,66,70,80,88
bubble,fewruns,32,puro,104,101,107,104,14,11,88,94,113,124
bubble,fewruns,32,com_pre,111,108,114,109,17,12,92,100,123,132
bubble,fewruns,64,puro,245,238,251,250,32,23,211,220,267,285
bubble,fewruns,64,com_pre,268,260,277,268,36,31,218,242,289,340
bubble,fewruns,128,puro,789,778,801,797,42,40,693,753,817,866
bubble,fewruns,128,com_pre,826,812,840,831,57,51,711,787,867,934
bubble,fewruns,256,puro,2774,2742,2807,2790,101,119,2502,2709,2835,3099
bubble,fewruns,256,com_pre,2798,2774,2822,2812,62,88,2564,2768,2848,3017
bubble,fewruns,512,puro,13325,13263,13395,13263,138,242,12887,13190,13384,14406
bubble,fewruns,512,com_pre,11008,10926,11088,11043,229,296,10290,10883,11157,11835
bubble,fewruns,1000,puro,42756,42467,43064,42535,861,1088,40556,42083,43268,46333
bubble,fewruns,1000,com_pre,44001,43678,44346,43851,984,1213,41921,43262,44586,47752
bubble,fewruns,5000,puro,1007383,1003128,1011791,1006469,13564,15726,969500,996701,1014706,1057575
bubble,fewruns,5000,com_pre,1016242,1009995,1023003,1014558,17956,23738,967500,1002125,1026268,1107530
bubble,fewruns,10000,puro,3977620,3955898,3999822,3981577,58164,79784,3821850,3925185,4013547,4194856
bubble,fewruns,10000,com_pre,3965264,3948907,3982578,3968158,49378,61193,3853600,3927509,3991229,4164420
bubble,fewruns,100000,puro,391734560,390730335,392774414,391926900,2342286,2914580,387026700,390176900,392811100,399332200
bubble,fewruns,100000,com_pre,393477500,392170054,394775917,393467800,4628974,3704514,386649400,389895600,396183300,399303700
bubble,real,16,puro,103,101,105,101,8,7,93,97,109,118
bubble,real,16,com_pre,105,103,106,104,6,6,95,101,110,116
bubble,real,32,puro,220,218,223,222,9,9,199,213,226,237
bubble,real,32,com_pre,189,185,192,186,18,14,165,178,201,215
bubble,real,64,puro,775,767,783,776,20,29,699,762,789,859
bubble,real,64,com_pre,736,727,746,735,29,34,668,713,750,850
bubble,real,128,puro,3050,3022,3077,3055,93,100,2719,2992,3117,3242
bubble,real,128,com_pre,2636,2611,2659,2642,65,88,2317,2598,2693,2793
bubble,real,256,puro,11894,11772,12014,11970,270,443,10592,11729,12072,13313
bubble,real,256,com_pre,11520,11402,11645,11574,306,445,10373,11331,11697,13149
bubble,real,512,puro,48679,48396,48950,48814,831,1005,45596,48026,49170,51217
bubble,real,512,com_pre,46043,45619,46560,45928,793,1722,42389,45374,46421,55297
bubble,real,1000,puro,218100,216395,219907,218052,5300,6399,206629,214213,221507,239100
bubble,real,1000,com_pre,197597,196430,198789,197410,3502,4296,188119,195088,199811,210920
bubble,real,5000,puro,5616974,5595612,5637825,5617157,70897,77180,5385800,5570742,5665300,5820933
bubble,real,5000,com_pre,5093371,5065210,5120423,5097435,69605,100689,4781550,5052089,5154189,5402467
bubble,real,10000,puro,21779731,21713344,21846196,21766440,253539,241897,21073020,21604360,21946380,22361820
bubble,real,10000,com_pre,18826615,18765293,18891385,18812333,220759,228691,18406967,18662267,18960067,19505333
bubble,real,100000,puro,2205686943,2201156993,2210207546,2207345300,13925024,12923406,2178458000,2197846800,2213506300,2234884700
bubble,real,100000,com_pre,2241965053,2235276616,2248959143,2238649300,21416898,19443681,2209851800,2229809000,2256073200,2282928300
selection,random,16,puro,125,123,126,124,5,6,115,121,129,138
selection,random,16,com_pre,135,133,137,133,6,8,125,129,139,166
selection,random,32,puro,324,321,327,324,4,11,307,321,326,387
selection,random,32,com_pre,340,337,343,341,8,11,317,334,345,370
selection,random,64,puro,1067,1052,1085,1049,23,61,999,1038,1070,1330
selection,random,64,com_pre,1096,1088,1105,1093,23,31,1038,1077,1106,1202
selection,random,128,puro,5696,5641,5758,5615,93,212,5411,5562,5765,6433
selection,random,128,com_pre,5558,5492,5635,5497,184,262,5191,5395,5659,6750
selection,random,256,puro,19540,19336,19806,19306,294,871,18873,19125,19573,24456
selection,random,256,com_pre,19688,19484,19937,19460,283,827,18810,19310,19791,23492
selection,random,512,puro,71358,69937,73358,69577,2385,6408,66734,68201,72570,110301
selection,random,512,com_pre,70932,70078,71911,70179,2456,3341,66938,68595,72610,85636
selection,random,1000,puro,242119,240887,243452,240880,3241,4642,235212,239194,245143,254940
selection,random,1000,com_pre,245928,243635,248679,243891,5243,9140,234672,240697,248534,286559
selection,random,5000,puro,5554782,5504996,5612589,5499161,115996,196219,5273750,5448374,5601375,6321800
selection,random,5000,com_pre,5487202,5449679,5529879,5452206,84018,146757,5273200,5406050,5510720,6138550
selection,random,10000,puro,21106618,20952801,21305543,20903960,314074,649520,20532280,20759620,21298340,24695040
selection,random,10000,com_pre,21226870,21117052,21343246,21155330,430028,412390,20580460,20889020,21553340,22619160
selection,random,100000,puro,2140733317,2130929912,2151622551,2131739400,21077308,29378499,2107829000,2120692800,2153167700,2211961200
selection,random,100000,com_pre,2119944270,2114381541,2126090740,2117046550,16273388,16615858,2092980100,2109663300,2129094200,2170551400
selection,turtles,16,puro,109,107,111,109,6,6,99,105,113,124
selection,turtles,16,com_pre,117,115,119,115,7,7,107,112,121,131
selection,turtles,32,puro,297,295,299,298,6,7,282,292,301,314
selection,turtles,32,com_pre,295,293,298,294,14,10,279,287,305,313
selection,turtles,64,puro,1001,995,1006,1001,17,21,962,986,1011,1074
selection,turtles,64,com_pre,973,967,979,977,23,22,924,961,991,1014
selection,turtles,128,puro,3694,3663,3745,3671,45,160,3583,3638,3699,4758
selection,turtles,128,com_pre,3522,3495,3560,3514,38,120,3366,3487,3537,4265
selection,turtles,256,puro,14073,14008,14142,14046,240,243,13645,13888,14208,14691
selection,turtles,256,com_pre,14233,14028,14512,14018,318,895,13529,13820,14258,19406
selection,turtles,512,puro,59122,58329,60261,58175,986,3587,56891,57673,59354,80453
selection,turtles,512,com_pre,57159,56791,57617,56998,868,1503,54910,56440,57741,65199
selection,turtles,1000,puro,234667,228032,242468,223790,5464,26467,216803,221520,236986,329093
selection,turtles,1000,com_pre,231408,224434,239859,222175,10770,28074,208062,215502,233442,361846
selection,turtles,5000,puro,5387584,5354181,5424151,5365300,121839,127661,5177600,5292014,5473436,5862975
selection,turtles,5000,com_pre,5180672,5147164,5217098,5143489,102066,127354,5025683,5088659,5259802,5601100
selection,turtles,10000,puro,20797915,20714081,20887315,20704870,293614,315828,20376520,20540380,20977380,21606660
selection,turtles,10000,com_pre,20156046,20055217,20268162,20067520,218076,388923,19643500,19918500,20188360,21352340
selection,turtles,100000,puro,2158049863,2144334321,2174070651,2150072100,35133913,42306145,2106265600,2126736400,2175181700,2308966800
selection,turtles,100000,com_pre,2082377420,2067913534,2100470334,2077295400,29527387,46659239,2038064900,2054262600,2089266200,2262506800
selection,zigzag,16,puro,114,112,115,114,5,6,102,110,117,132
selection,zigzag,16,com_pre,126,124,128,127,5,6,114,122,129,136
selection,zigzag,32,puro,294,292,296,296,8,7,279,289,301,307
selection,zigzag,32,com_pre,311,308,313,312,8,9,292,305,317,326
selection,zigzag,64,puro,972,967,977,971,17,19,931,960,983,1020
selection,zigzag,64,com_pre,998,991,1006,999,24,26,955,979,1012,1081
selection,zigzag,128,puro,3638,3618,3658,3632,52,73,3469,3599,3674,3888
selection,zigzag,128,com_pre,3826,3799,3854,3819,82,101,3631,3768,3890,4135
selection,zigzag,256,puro,15015,14888,15150,14917,355,479,14156,14715,15226,16655
selection,zigzag,256,com_pre,14702,14601,14805,14641,309,373,13888,14440,14895,15439
selection,zigzag,512,puro,57096,56739,57476,56818,1061,1345,54771,56226,57734,61533
selection,zigzag,512,com_pre,56712,56269,57205,56237,1180,1704,54461,55663,57730,63509
selection,zigzag,1000,puro,220732,218058,223985,218421,7069,10782,207919,213688,224129,274448
selection,zigzag,1000,com_pre,221864,218050,226717,218049,7426,16034,205611,213591,223175,305803
selection,zigzag,5000,puro,5371440,5304683,5461511,5319084,136831,290351,5156233,5218405,5386575,7046300
selection,zigzag,5000,com_pre,5319287,5278071,5365407,5285559,96461,159751,5089800,5224176,5363273,5906093
selection,zigzag,10000,puro,20470578,20418882,20524252,20446060,205044,191117,20155740,20335760,20599840,20976580
selection,zigzag,10000,com_pre,20447896,20387211,20512227,20403360,199662,228559,20069340,20278920,20588160,21090800
selection,zigzag,100000,puro,2138448740,2129126360,2148671848,2129647600,17151310,27843248,2099849500,2119971000,2144622800,2203762100
selection,zigzag,100000,com_pre,2089114007,2082347652,2096325312,2081342550,21993036,19905301,2060668700,2075917600,2106497200,2136665200
selection,almostsorted,16,puro,113,111,115,114,6,7,101,108,118,130
selection,almostsorted,16,com_pre,123,122,125,125,6,7,110,117,128,135
selection,almostsorted,32,puro,276,275,278,277,6,6,263,273,280,288
selection,almostsorted,32,com_pre,295,292,298,296,9,11,277,287,301,320
selection,almostsorted,64,puro,903,900,907,901,12,14,879,894,911,942
selection,almostsorted,64,com_pre,950,945,955,948,19,18,911,937,964,991
selection,almostsorted,128,puro,3822,3788,3859,3779,72,131,3642,3742,3868,4199
selection,almostsorted,128,com_pre,3886,3860,3914,3874,72,97,3713,3824,3921,4263
selection,almostsorted,256,puro,14566,14453,14705,14481,239,461,13869,14391,14701,17040
selection,almostsorted,256,com_pre,14863,14755,14983,14792,298,418,14108,14603,15077,16409
selection,almostsorted,512,puro,55787,55349,56414,55351,679,1983,54057,55023,55887,67801
selection,almostsorted,512,com_pre,56569,56319,56828,56503,765,926,54764,55936,56977,59180
selection,almostsorted,1000,puro,219195,216750,221971,217617,5889,9510,207046,213395,221334,253976
selection,almostsorted,1000,com_pre,220436,217689,224167,217470,5693,11993,209414,214976,222187,290341
selection,almostsorted,5000,puro,5360744,5281399,5468903,5277889,118925,346990,5084900,5209600,5377600,7258000
selection,almostsorted,5000,com_pre,5297853,5272506,5324162,5279022,85187,93846,5064100,5226950,5344858,5518237
selection,almostsorted,10000,puro,20617079,20530911,20706824,20563060,319530,319790,20185980,20362780,20826880,21432200
selection,almostsorted,10000,com_pre,20704930,20594487,20834210,20581570,251404,437118,20122380,20473200,20806160,22337520
selection,almostsorted,100000,puro,2125690183,2118866564,2132410348,2125766050,21113410,19258581,2088000300,2113081300,2141006900,2165515900
selection,almostsorted,100000,com_pre,2142527827,2132047890,2156225974,2141214100,22449751,34950594,2100125400,2125026200,2153167400,2298190700
selection,duplicates,16,puro,117,116,119,116,5,5,108,114,121,131
selection,duplicates,16,com_pre,129,128,131,128,6,6,118,125,133,145
selection,duplicates,32,puro,300,298,302,300,6,8,285,297,304,323
selection,duplicates,32,com_pre,321,318,324,320,10,11,301,315,329,348
selection,duplicates,64,puro,1048,1040,1057,1046,24,31,1000,1028,1061,1148
selection,duplicates,64,com_pre,1061,1053,1069,1058,22,29,1004,1045,1074,1139
selection,duplicates,128,puro,4332,4296,4373,4310,114,140,4148,4234,4395,4922
selection,duplicates,128,com_pre,4265,4222,4312,4209,127,166,4033,4150,4325,4892
selection,duplicates,256,puro,15676,15533,15840,15467,349,559,14947,15347,15883,18120
selection,duplicates,256,com_pre,15328,15258,15398,15339,220,256,14680,15171,15482,15988
selection,duplicates,512,puro,58231,57875,58606,57854,758,1339,55653,57583,58603,62144
selection,duplicates,512,com_pre,58251,57815,58718,57718,1450,1644,56173,56950,59300,63296
selection,duplicates,1000,puro,220446,219058,221912,218978,4878,5231,213132,216415,224847,236770
selection,duplicates,1000,com_pre,223636,221315,226275,221396,5162,9042,213228,218370,226241,255412
selection,duplicates,5000,puro,5366292,5304756,5438962,5282539,94060,244344,5098800,5224995,5379243,6364533
selection,duplicates,5000,com_pre,5331949,5289120,5384193,5302480,76934,174206,5153467,5248538,5352320,6175700
selection,duplicates,10000,puro,21299716,21155267,21457255,21217930,557117,550613,20612760,20876040,21643920,23387220
selection,duplicates,10000,com_pre,21516231,21349988,21688376,21439970,672003,615610,20622000,20989960,21901480,22902740
selection,duplicates,100000,puro,2143036353,2130585914,2157305092,2135930850,30774031,37989234,2089716500,2117271100,2161044700,2275669800
selection,duplicates,100000,com_pre,2128548697,2121096173,2136507501,2122736650,15023853,21922146,2096423600,2113509700,2142380000,2182696700
selection,inverted,16,puro,109,107,110,110,7,6,98,103,114,121
selection,inverted,16,com_pre,120,119,122,120,6,5,109,117,125,130
selection,inverted,32,puro,262,260,264,262,8,8,245,259,268,278
selection,inverted,32,com_pre,290,287,293,288,10,11,270,282,299,327
selection,inverted,64,puro,828,819,837,826,35,33,778,803,850,959
selection,inverted,64,com_pre,952,944,959,952,30,27,902,932,965,1055
selection,inverted,128,puro,3063,3025,3117,3021,66,172,2931,2992,3079,4102
selection,inverted,128,com_pre,3597,3569,3625,3585,81,102,3375,3540,3658,3841
selection,inverted,256,puro,12966,12889,13045,13006,245,285,12459,12715,13094,13854
selection,inverted,256,com_pre,14433,14297,14591,14240,336,539,13956,14112,14675,16557
selection,inverted,512,puro,50817,50491,51144,50649,1186,1193,48603,49980,51677,53656
selection,inverted,512,com_pre,55199,54984,55420,55124,628,797,53649,54704,55581,57236
selection,inverted,1000,puro,196026,193208,199343,194699,7903,11263,183520,188551,198369,240550
selection,inverted,1000,com_pre,215488,213751,217408,213660,5102,6668,204508,211140,218842,237402
selection,inverted,5000,puro,4722691,4678152,4772343,4678916,96767,172654,4447200,4619395,4755733,5316080
selection,inverted,5000,com_pre,5233054,5193583,5277425,5173752,87625,153123,5069200,5125715,5304428,5722892
selection,inverted,10000,puro,19150382,18820078,19527049,18702108,598538,1292436,17996517,18339533,19142133,22558750
selection,inverted,10000,com_pre,20900448,20793205,21019812,20823170,313214,412795,20339480,20641360,21079640,22346620
selection,inverted,100000,puro,1849647687,1841873323,1858553569,1844827000,17212319,23867745,1808785200,1833839800,1861996800,1937511000
selection,inverted,100000,com_pre,2086103710,2078240245,2095880269,2085782300,19274986,25011384,2053574100,2072517200,2096094600,2188682200
selection,sawtooth,16,puro,112,110,114,111,7,6,101,107,117,126
selection,sawtooth,16,com_pre,122,121,124,121,6,6,112,117,128,133
selection,sawtooth,32,puro,295,293,297,295,6,7,279,290,299,316
selection,sawtooth,32,com_pre,316,313,319,316,10,10,293,309,322,346
selection,sawtooth,64,puro,987,982,993,987,21,21,946,969,1000,1035
selection,sawtooth,64,com_pre,1032,1024,1040,1037,35,28,988,1006,1049,1102
selection,sawtooth,128,puro,3637,3616,3660,3623,67,81,3484,3591,3680,3940
selection,sawtooth,128,com_pre,3708,3688,3730,3711,56,77,3582,3652,3741,4073
selection,sawtooth,256,puro,14276,14198,14361,14227,217,297,13773,14109,14398,15402
selection,sawtooth,256,com_pre,14251,14185,14324,14223,248,252,13908,14036,14386,15277
selection,sawtooth,512,puro,58288,57951,58707,58107,712,1377,56016,57737,58686,65654
selection,sawtooth,512,com_pre,58930,58623,59243,58886,1124,1133,56458,58132,59774,61448
selection,sawtooth,1000,puro,219350,218056,220803,217937,3553,5020,210550,216566,222229,241295
selection,sawtooth,1000,com_pre,219152,218137,220269,218940,3039,3897,212372,216856,220523,234711
selection,sawtooth,5000,puro,5191846,5166431,5221419,5189555,62338,100682,5024822,5140638,5224106,5672880
selection,sawtooth,5000,com_pre,5200518,5180066,5223404,5185954,60767,78857,5085579,5151785,5229145,5483633
selection,sawtooth,10000,puro,20595884,20531206,20664498,20575680,214532,244683,20155700,20425060,20716600,21342820
selection,sawtooth,10000,com_pre,20682482,20603936,20768861,20619000,222079,299681,20302360,20479660,20835760,21611440
selection,sawtooth,100000,puro,2054853257,2049187139,2060599514,2054256100,15718006,16225621,2023638900,2042587100,2063914500,2093378100
selection,sawtooth,100000,com_pre,2053241790,2048396021,2058226567,2052569700,10960565,13953526,2023947000,2045594700,2060020300,2088780100
selection,organpipe,16,puro,112,110,114,112,9,7,99,105,117,129
selection,organpipe,16,com_pre,122,120,123,121,7,7,112,116,126,135
selection,organpipe,32,puro,278,276,280,279,8,7,263,273,283,290
selection,organpipe,32,com_pre,306,304,309,308,11,11,286,299,314,342
selection,organpipe,64,puro,952,946,957,949,19,20,914,939,965,1002
selection,organpipe,64,com_pre,1010,1001,1019,1013,37,34,951,981,1032,1088
selection,organpipe,128,puro,3421,3404,3439,3411,61,63,3315,3384,3460,3665
selection,organpipe,128,com_pre,3547,3523,3574,3515,60,93,3429,3486,3592,3873
selection,organpipe,256,puro,13445,13353,13543,13355,241,348,12927,13234,13568,14473
selection,organpipe,256,com_pre,13561,13504,13620,13557,217,211,13150,13412,13707,14089
selection,organpipe,512,puro,55870,55504,56258,55384,1007,1378,53729,54889,56895,59934
selection,organpipe,512,com_pre,56435,56061,56843,56050,947,1428,54069,55566,57289,60877
selection,organpipe,1000,puro,208998,208038,210001,208364,2796,3568,201803,206837,211129,219518
selection,organpipe,1000,com_pre,209990,208874,211185,209674,2985,4213,202253,207519,211592,223503
selection,organpipe,5000,puro,5023859,5002069,5048479,5014559,53970,84466,4837600,4980303,5054161,5400467
selection,organpipe,5000,com_pre,4981086,4963369,4998850,4975602,67210,64480,4825500,4942738,5029079,5137648
selection,organpipe,10000,puro,20004160,19935286,20077583,19976408,180148,259965,19508117,19855783,20098800,20741067
selection,organpipe,10000,com_pre,19909360,19845678,19977230,19860620,180877,240118,19514120,19746180,20052820,20514840
selection,organpipe,100000,puro,1962278757,1958567287,1966068769,1961825750,10896369,10655037,1941045600,1954207300,1968906300,1983294500
selection,organpipe,100000,com_pre,1958880543,1953076696,1964751668,1956512300,20453504,16608422,1931487400,1945360100,1975875100,1986798300
selection,fewruns,16,puro,114,112,116,114,8,7,104,109,120,126
selection,fewruns,16,com_pre,122,121,124,123,5,6,111,119,126,135
selection,fewruns,32,puro,290,288,292,289,6,7,274,286,295,304
selection,fewruns,32,com_pre,319,317,322,318,11,9,303,312,326,340
selection,fewruns,64,puro,953,948,958,953,19,19,914,944,969,985
selection,fewruns,64,com_pre,1020,1012,1029,1022,25,31,971,994,1036,1129
selection,fewruns,128,puro,3626,3608,3647,3607,49,71,3511,3590,3657,3898
selection,fewruns,128,com_pre,3759,3733,3792,3750,86,109,3636,3688,3803,4337
selection,fewruns,256,puro,14297,14214,14388,14259,240,319,13722,14097,14370,15476
selection,fewruns,256,com_pre,14342,14272,14417,14296,162,265,13854,14211,14457,15248
selection,fewruns,512,puro,56402,56085,56731,56275,794,1179,54223,55741,56905,59762
selection,fewruns,512,com_pre,55925,55563,56430,55536,558,1614,54195,55264,56105,65545
selection,fewruns,1000,puro,209147,207868,210587,208555,3183,4926,201147,206397,210691,229103
selection,fewruns,1000,com_pre,208788,207803,209918,208198,2622,3857,203044,206663,210438,226121
selection,fewruns,5000,puro,5111589,5078923,5152962,5078051,71487,135641,4956250,5041864,5146214,5806300
selection,fewruns,5000,com_pre,5143227,5118327,5168669,5133327,86503,92206,4933500,5083310,5193500,5341690
selection,fewruns,10000,puro,20419035,20363612,20475476,20406790,223606,203649,20063500,20282380,20568480,20865780
selection,fewruns,10000,com_pre,20175778,20123501,20235010,20148350,157971,204196,19857880,20042120,20255220,20998180
selection,fewruns,100000,puro,2023567130,2018719940,2028323283,2023855050,15397690,13628677,1995262700,2014980400,2035670500,2048784300
selection,fewruns,100000,com_pre,2021576323,2018323346,2024940699,2022627850,8883443,9440023,2006614000,2015310800,2026610500,2044803600
selection,real,16,puro,109,108,111,109,6,6,99,105,113,122
selection,real,16,com_pre,128,126,129,128,5,5,117,125,132,137
selection,real,32,puro,292,290,294,291,9,7,280,285,297,306
selection,real,32,com_pre,314,312,317,315,11,9,297,307,320,335
selection,real,64,puro,984,980,988,986,12,16,955,978,994,1019
selection,real,64,com_pre,1047,1038,1056,1056,29,33,985,1015,1070,1122
selection,real,128,puro,3687,3667,3710,3673,61,81,3579,3632,3715,3975
selection,real,128,com_pre,3711,3696,3726,3715,71,56,3588,3662,3748,3833
selection,real,256,puro,14265,14194,14336,14270,193,260,13714,14151,14431,14928
selection,real,256,com_pre,14514,14403,14635,14448,288,423,13797,14268,14652,15764
selection,real,512,puro,59166,58848,59495,59095,826,1179,56945,58552,59667,62413
selection,real,512,com_pre,59027,58660,59530,58712,773,1601,57519,58209,59246,68419
selection,real,1000,puro,220273,219276,221325,219439,3303,3734,213622,217639,221810,231577
selection,real,1000,com_pre,221896,220846,223037,221026,3395,4008,214275,219943,223636,238566
selection,real,5000,puro,5241096,5211890,5273710,5218920,79602,112490,5065300,5171053,5294569,5684900
selection,real,5000,com_pre,5279254,5246148,5319818,5272258,79680,135349,5115600,5203257,5313667,5975400
selection,real,10000,puro,20810974,20740244,20885537,20772430,238817,264851,20215640,20628160,20960840,21554680
selection,real,10000,com_pre,20823249,20756017,20893808,20775350,260226,251900,20453620,20604660,21025400,21571600
selection,real,100000,puro,2052139620,2048200724,2056209118,2050297550,13563937,11432167,2030484600,2043012700,2061513200,2076860500
selection,real,100000,com_pre,2058949257,2054652091,2063137749,2062504150,11458867,12012591,2034148100,2053573200,2065385000,2082832700
stdunstable,random,16,puro,82,81,84,81,6,6,73,78,87,92
stdunstable,random,16,com_pre,81,80,83,80,7,6,71,76,86,98
stdunstable,random,32,puro,135,132,138,135,14,11,116,127,145,159
stdunstable,random,32,com_pre,150,148,153,149,9,9,135,144,157,169
stdunstable,random,64,puro,255,251,259,254,16,15,227,245,269,279
stdunstable,random,64,com_pre,293,289,297,294,17,15,265,282,304,319
stdunstable,random,128,puro,501,493,509,499,37,30,449,477,525,558
stdunstable,random,128,com_pre,598,590,605,603,31,28,550,578,616,654
stdunstable,random,256,puro,1043,1034,1052,1045,34,33,980,1018,1067,1110
stdunstable,random,256,com_pre,1249,1241,1257,1251,25,29,1193,1236,1269,1318
stdunstable,random,512,puro,2321,2296,2345,2332,91,88,2115,2263,2381,2469
stdunstable,random,512,com_pre,2770,2747,2793,2767,62,85,2548,2737,2817,2949
stdunstable,random,1000,puro,5057,4990,5126,5092,287,248,4580,4848,5270,5757
stdunstable,random,1000,com_pre,8977,8916,9043,8952,141,230,8534,8878,9064,9763
stdunstable,random,5000,puro,36810,36545,37082,36876,975,977,34871,36123,37374,39479
stdunstable,random,5000,com_pre,52588,52231,52954,52757,1267,1316,50165,51541,53396,56322
stdunstable,random,10000,puro,80412,78276,82973,77571,2003,8568,74241,76544,80004,111763
stdunstable,random,10000,com_pre,107550,107078,108031,107545,1430,1737,103830,106635,108609,113585
stdunstable,random,100000,puro,918652,911996,926697,912595,19364,26770,881427,902384,933477,1055640
stdunstable,random,100000,com_pre,1210503,1206186,1214947,1210632,16422,15927,1182800,1198887,1220203,1246384
stdunstable,random,1000000,puro,10809378,10750379,10890023,10744246,127234,257964,10506400,10680349,10874991,12341500
stdunstable,random,1000000,com_pre,13795639,13738803,13862732,13786789,152790,226049,13429915,13639303,13879035,14880050
stdunstable,random,10000000,puro,119961585,119635555,120292843,120130875,1439382,1197053,117635450,118831550,120859850,122417450
stdunstable,random,10000000,com_pre,149603478,149262928,149929198,149750775,1303354,1211418,146601800,148800700,150612900,151647150
stdunstable,turtles,16,puro,82,80,84,81,9,7,71,76,89,95
stdunstable,turtles,16,com_pre,84,82,86,83,10,8,72,77,92,104
stdunstable,turtles,32,puro,128,125,131,126,14,11,110,120,138,158
stdunstable,turtles,32,com_pre,153,150,156,153,10,10,136,144,158,176
stdunstable,turtles,64,puro,242,238,246,243,21,15,217,228,255,270
stdunstable,turtles,64,com_pre,261,256,265,257,21,17,235,246,274,294
stdunstable,turtles,128,puro,502,497,506,505,15,16,472,491,514,537
stdunstable,turtles,128,com_pre,551,544,557,551,28,23,503,532,569,595
stdunstable,turtles,256,puro,1014,1003,1025,1014,40,40,940,984,1037,1156
stdunstable,turtles,256,com_pre,1151,1140,1161,1156,38,38,1073,1127,1180,1213
stdunstable,turtles,512,puro,2095,2081,2110,2109,56,53,1985,2065,2128,2234
stdunstable,turtles,512,com_pre,2451,2430,2471,2468,78,75,2273,2406,2498,2635
stdunstable,turtles,1000,puro,4311,4255,4367,4344,257,205,3963,4126,4469,4732
stdunstable,turtles,1000,com_pre,4380,4330,4434,4383,205,189,4091,4233,4505,5111
stdunstable,turtles,5000,puro,22453,22288,22615,22554,506,594,21284,22036,22746,23671
stdunstable,turtles,5000,com_pre,25057,24878,25237,25153,624,655,23747,24707,25520,27025
stdunstable,turtles,10000,puro,47256,46971,47538,47346,849,1032,44887,46752,47813,49647
stdunstable,turtles,10000,com_pre,51345,51063,51632,51211,690,1037,49212,50848,51915,54355
stdunstable,turtles,100000,puro,539383,535091,544754,535626,5718,17734,511917,532163,542391,630288
stdunstable,turtles,100000,com_pre,588393,584264,593186,582738,8921,16351,570443,578055,592413,664071
stdunstable,turtles,1000000,puro,6770052,6748855,6791688,6769269,87466,78387,6602150,6708110,6812474,6936650
stdunstable,turtles,1000000,com_pre,7015508,6990773,7043295,6989327,67612,96064,6858275,6965066,7045138,7398762
stdunstable,turtles,10000000,puro,68714227,68473939,68971905,68627767,844785,909225,67146133,68080033,69222900,71926667
stdunstable,turtles,10000000,com_pre,75407773,75167275,75660338,75195067,732874,902546,73936967,74926500,75792733,77738800
stdunstable,zigzag,16,puro,81,79,82,81,6,6,68,76,85,91
stdunstable,zigzag,16,com_pre,74,72,75,74,6,6,62,70,77,83
stdunstable,zigzag,32,puro,139,136,142,136,14,11,122,130,149,164
stdunstable,zigzag,32,com_pre,140,138,143,139,11,10,125,133,148,161
stdunstable,zigzag,64,puro,240,235,245,241,18,17,211,228,249,273
stdunstable,zigzag,64,com_pre,275,271,280,273,18,17,246,261,286,309
stdunstable,zigzag,128,puro,529,522,537,530,30,26,481,510,551,590
stdunstable,zigzag,128,com_pre,536,529,543,534,25,24,494,519,553,591
stdunstable,zigzag,256,puro,1143,1131,1155,1137,45,44,1062,1117,1173,1248
stdunstable,zigzag,256,com_pre,1139,1126,1153,1137,43,49,1045,1113,1173,1289
stdunstable,zigzag,512,puro,2439,2421,2456,2453,54,64,2274,2402,2484,2540
stdunstable,zigzag,512,com_pre,2511,2488,2535,2514,81,85,2326,2460,2568,2785
stdunstable,zigzag,1000,puro,5652,5584,5721,5684,291,248,5215,5463,5861,6150
stdunstable,zigzag,1000,com_pre,5211,5164,5259,5238,199,173,4926,5054,5361,5585
stdunstable,zigzag,5000,puro,35531,35206,35901,35396,707,1268,33339,34980,35992,40732
stdunstable,zigzag,5000,com_pre,31021,30899,31141,31071,421,442,30034,30754,31353,31936
stdunstable,zigzag,10000,puro,70630,70177,71104,70545,1552,1688,67708,69520,71652,76540
stdunstable,zigzag,10000,com_pre,66093,65809,66397,66059,696,1068,64064,65297,66521,70197
stdunstable,zigzag,100000,puro,946784,942757,950973,944778,15606,15001,916070,935053,956700,985987
stdunstable,zigzag,100000,com_pre,799309,795513,803261,796151,12327,14183,770572,790172,807284,837290
stdunstable,zigzag,1000000,puro,12073560,11949792,12232922,11903593,188211,523536,11657457,11827014,12176225,14624893
stdunstable,zigzag,1000000,com_pre,9659853,9623549,9698144,9615093,99321,135872,9406500,9564509,9711427,9964286
stdunstable,zigzag,10000000,puro,135626123,135342278,135903149,135570075,976329,1022352,133063400,135072100,136499600,137564400
stdunstable,zigzag,10000000,com_pre,108697801,108449995,108942421,108812450,894601,897349,106857550,108104650,109374100,110132050
stdunstable,almostsorted,16,puro,68,66,70,68,11,8,58,61,76,82
stdunstable,almostsorted,16,com_pre,72,70,75,71,8,8,61,68,80,87
stdunstable,almostsorted,32,puro,76,73,79,77,16,11,59,63,87,93
stdunstable,almostsorted,32,com_pre,93,90,97,95,16,13,73,80,104,118
stdunstable,almostsorted,64,puro,85,82,88,91,7,12,66,77,94,104
stdunstable,almostsorted,64,com_pre,137,131,143,141,25,22,101,119,157,173
stdunstable,almostsorted,128,puro,477,470,485,472,23,28,441,462,491,606
stdunstable,almostsorted,128,com_pre,537,530,544,533,31,25,496,519,559,584
stdunstable,almostsorted,256,puro,1043,1036,1050,1045,32,27,974,1025,1069,1086
stdunstable,almostsorted,256,com_pre,1151,1140,1162,1149,41,39,1081,1122,1178,1249
stdunstable,almostsorted,512,puro,2381,2363,2400,2389,54,68,2241,2344,2415,2627
stdunstable,almostsorted,512,com_pre,2557,2538,2578,2560,63,74,2422,2515,2590,2904
stdunstable,almostsorted,1000,puro,5169,5122,5213,5222,164,165,4819,5049,5270,5507
stdunstable,almostsorted,1000,com_pre,6111,5891,6366,5765,117,871,5535,5696,5882,8693
stdunstable,almostsorted,5000,puro,35443,35248,35642,35426,787,718,34280,34837,35897,37308
stdunstable,almostsorted,5000,com_pre,38571,38228,39028,38445,867,1472,37017,37817,38974,47123
stdunstable,almostsorted,10000,puro,76100,75744,76467,75922,1304,1314,73273,75229,77094,79831
stdunstable,almostsorted,10000,com_pre,83158,82768,83619,82801,972,1551,81035,82205,83666,89600
stdunstable,almostsorted,100000,puro,911355,906366,917033,905414,9811,19480,888803,900567,913970,976950
stdunstable,almostsorted,100000,com_pre,985044,977695,993932,978745,14942,29706,946020,971508,990324,1136033
stdunstable,almostsorted,1000000,puro,10985509,10957159,11012244,10986433,66825,100524,10624000,10941296,11031441,11186850
stdunstable,almostsorted,1000000,com_pre,11511869,11480254,11544143,11489440,92611,116294,11217567,11445517,11561442,11800607
stdunstable,almostsorted,10000000,puro,124775828,124519817,125040686,124711875,1004387,948449,123238200,124030400,125294500,126898500
stdunstable,almostsorted,10000000,com_pre,130811319,130501943,131126803,130763900,1140527,1136879,128657950,129999100,131537650,133558350
stdunstable,duplicates,16,puro,75,73,77,75,8,7,65,70,81,91
stdunstable,duplicates,16,com_pre,76,74,78,75,9,7,66,70,84,91
stdunstable,duplicates,32,puro,133,130,136,136,14,11,114,123,142,153
stdunstable,duplicates,32,com_pre,145,142,148,144,10,11,128,139,153,184
stdunstable,duplicates,64,puro,228,224,233,224,21,17,204,215,247,255
stdunstable,duplicates,64,com_pre,267,263,272,264,14,16,240,258,281,306
stdunstable,duplicates,128,puro,317,308,325,315,42,31,264,291,344,370
stdunstable,duplicates,128,com_pre,412,404,420,411,35,29,367,388,440,484
stdunstable,duplicates,256,puro,528,516,539,541,39,41,454,490,563,603
stdunstable,duplicates,256,com_pre,732,719,744,729,51,46,657,697,770,837
stdunstable,duplicates,512,puro,904,885,923,925,59,69,772,844,959,1008
stdunstable,duplicates,512,com_pre,1312,1297,1327,1319,66,53,1190,1267,1360,1388
stdunstable,duplicates,1000,puro,1792,1737,1844,1858,140,193,1440,1646,1927,2039
stdunstable,duplicates,1000,com_pre,2657,2537,2794,2566,164,469,2226,2377,2638,4105
stdunstable,duplicates,5000,puro,7564,7382,7747,7596,846,665,6413,6880,8095,8826
stdunstable,duplicates,5000,com_pre,20827,20675,21004,20716,278,600,20125,20516,20903,23242
stdunstable,duplicates,10000,puro,15078,14798,15351,15192,829,1009,12855,14638,15847,16955
stdunstable,duplicates,10000,com_pre,40827,40648,41031,40788,545,700,39687,40353,41089,43934
stdunstable,duplicates,100000,puro,130966,128471,133998,127684,2429,10144,123863,126066,130019,174595
stdunstable,duplicates,100000,com_pre,410834,407699,414715,407976,6886,12864,397985,403630,414431,471292
stdunstable,duplicates,1000000,puro,1392133,1385073,1399811,1387188,22863,26855,1357807,1372083,1404680,1473940
stdunstable,duplicates,1000000,com_pre,4097068,4080898,4113895,4097277,47508,59985,3946150,4064399,4122305,4313600
stdunstable,duplicates,10000000,puro,13553068,13507226,13599299,13531504,170474,168830,13198008,13438650,13698283,13941575
stdunstable,duplicates,10000000,com_pre,39258211,39174396,39344183,39252840,335587,307892,38695000,39026700,39479400,39977540
stdunstable,inverted,16,puro,92,90,94,90,8,7,81,85,97,107
stdunstable,inverted,16,com_pre,72,70,74,71,10,7,62,66,78,85
stdunstable,inverted,32,puro,76,73,79,78,16,12,60,64,87,92
stdunstable,inverted,32,com_pre,89,85,92,91,16,12,71,76,100,107
stdunstable,inverted,64,puro,88,85,91,93,11,12,68,79,98,103
stdunstable,inverted,64,com_pre,128,120,135,130,37,27,95,101,150,185
stdunstable,inverted,128,puro,111,107,115,117,11,15,85,98,122,136
stdunstable,inverted,128,com_pre,184,176,192,192,35,31,137,155,209,228
stdunstable,inverted,256,puro,175,167,183,189,16,30,121,152,197,224
stdunstable,inverted,256,com_pre,299,286,311,314,44,47,220,248,334,366
stdunstable,inverted,512,puro,284,270,297,302,26,48,186,267,316,383
stdunstable,inverted,512,com_pre,557,530,583,606,56,97,378,482,629,764
stdunstable,inverted,1000,puro,542,513,569,573,71,102,333,518,609,741
stdunstable,inverted,1000,com_pre,1054,1015,1089,1108,41,135,701,1043,1132,1191
stdunstable,inverted,5000,puro,2092,1990,2192,2154,370,369,1424,1847,2383,2848
stdunstable,inverted,5000,com_pre,4036,3899,4171,4138,609,495,3250,3424,4495,4793
stdunstable,inverted,10000,puro,3747,3630,3863,3799,448,424,2944,3399,4097,4577
stdunstable,inverted,10000,com_pre,7857,7676,8052,7887,470,682,6525,7572,8226,10748
stdunstable,inverted,100000,puro,27788,27597,27995,27629,725,724,26834,27245,28204,30586
stdunstable,inverted,100000,com_pre,65721,65296,66175,65488,1474,1614,62751,64605,66679,71223
stdunstable,inverted,1000000,puro,404598,398802,410649,399185,19120,21520,363821,387784,419787,459809
stdunstable,inverted,1000000,com_pre,757127,749049,765995,750530,23277,30971,711090,736293,772112,866057
stdunstable,inverted,10000000,puro,4391914,4349605,4432781,4414507,116878,151993,3950750,4318130,4491843,4705197
stdunstable,inverted,10000000,com_pre,7332778,7282734,7381590,7351559,132592,179623,6783900,7251022,7421450,7862610
stdunstable,sawtooth,16,puro,67,65,69,65,8,6,58,62,73,76
stdunstable,sawtooth,16,com_pre,72,69,74,70,10,8,61,64,79,88
stdunstable,sawtooth,32,puro,123,120,127,125,15,12,105,113,134,142
stdunstable,sawtooth,32,com_pre,147,144,150,144,13,11,132,136,158,170
stdunstable,sawtooth,64,puro,276,269,282,281,30,25,223,255,293,327
stdunstable,sawtooth,64,com_pre,292,285,298,295,26,24,252,275,308,342
stdunstable,sawtooth,128,puro,512,495,529,505,87,62,422,450,574,635
stdunstable,sawtooth,128,com_pre,562,551,573,565,48,40,494,524,594,648
stdunstable,sawtooth,256,puro,1094,1086,1103,1098,30,32,1036,1073,1114,1167
stdunstable,sawtooth,256,com_pre,1148,1137,1159,1147,44,40,1078,1121,1180,1235
stdunstable,sawtooth,512,puro,1924,1903,1945,1931,77,76,1781,1863,1972,2096
stdunstable,sawtooth,512,com_pre,2165,2147,2182,2177,62,65,2014,2131,2213,2258
stdunstable,sawtooth,1000,puro,2751,2721,2784,2761,101,114,2548,2680,2816,3203
stdunstable,sawtooth,1000,com_pre,3139,3114,3165,3168,80,93,2944,3054,3199,3425
stdunstable,sawtooth,5000,puro,12184,12030,12333,12251,664,553,11211,11787,12639,13193
stdunstable,sawtooth,5000,com_pre,14805,14700,14909,14826,405,380,13933,14575,15120,15525
stdunstable,sawtooth,10000,puro,23155,22934,23370,23328,645,797,21529,22753,23668,25094
stdunstable,sawtooth,10000,com_pre,28979,28836,29120,29016,497,522,27839,28637,29320,30092
stdunstable,sawtooth,100000,puro,223770,223186,224372,223752,1845,2147,220168,222446,224956,230171
stdunstable,sawtooth,100000,com_pre,269734,268384,271331,269125,2973,5393,261606,267143,271153,293833
stdunstable,sawtooth,1000000,puro,2516971,2509720,2524271,2514369,22598,26575,2456133,2499488,2531344,2593741
stdunstable,sawtooth,1000000,com_pre,2774927,2765480,2786260,2768982,20606,38016,2717950,2758241,2786088,2957900
stdunstable,sawtooth,10000000,puro,23694176,23597624,23790114,23703056,400441,352561,22755262,23432100,23924762,24475900
stdunstable,sawtooth,10000000,com_pre,30666461,29895374,31647985,29738721,509866,3221157,28812643,29514786,30216929,43804343
stdunstable,organpipe,16,puro,87,86,89,88,7,6,77,83,92,99
stdunstable,organpipe,16,com_pre,84,82,86,82,9,8,73,77,90,102
stdunstable,organpipe,32,puro,132,129,135,134,16,11,115,122,140,154
stdunstable,organpipe,32,com_pre,149,146,152,150,15,11,131,139,159,169
stdunstable,organpipe,64,puro,293,285,302,290,33,31,242,269,315,367
stdunstable,organpipe,64,com_pre,302,293,311,303,40,31,259,271,323,382
stdunstable,organpipe,128,puro,594,582,606,598,60,44,525,551,632,697
stdunstable,organpipe,128,com_pre,669,653,685,657,68,58,586,616,724,782
stdunstable,organpipe,256,puro,1135,1125,1148,1135,21,42,1062,1118,1145,1360
stdunstable,organpipe,256,com_pre,1299,1290,1308,1298,38,32,1233,1274,1324,1361
stdunstable,organpipe,512,puro,2378,2362,2394,2383,50,59,2251,2349,2416,2538
stdunstable,organpipe,512,com_pre,2705,2683,2727,2703,86,79,2543,2656,2767,2889
stdunstable,organpipe,1000,puro,5148,5119,5178,5156,92,107,4915,5081,5208,5473
stdunstable,organpipe,1000,com_pre,5619,5587,5653,5620,100,120,5419,5539,5666,6024
stdunstable,organpipe,5000,puro,32585,32435,32731,32615,459,538,31219,32246,32892,33689
stdunstable,organpipe,5000,com_pre,35104,34940,35267,35156,387,597,33900,34868,35361,37003
stdunstable,organpipe,10000,puro,71656,71318,71980,71884,746,1201,68451,71232,72246,74813
stdunstable,organpipe,10000,com_pre,76189,75769,76687,75945,953,1664,73401,75350,76870,83558
stdunstable,organpipe,100000,puro,942291,938592,946116,940673,11513,13685,916273,934702,948902,975403
stdunstable,organpipe,100000,com_pre,1001641,998496,1004800,999868,10160,11481,967788,994567,1010754,1035693
stdunstable,organpipe,1000000,puro,11977916,11943852,12011446,11996358,104391,123384,11592700,11907632,12047587,12301050
stdunstable,organpipe,1000000,com_pre,12529042,12502122,12556391,12519639,107379,99293,12278500,12456885,12612724,12804167
stdunstable,organpipe,10000000,puro,145761588,145425195,146092220,145892800,1087265,1210458,142223500,145144300,146611000,148111950
stdunstable,organpipe,10000000,com_pre,152577916,152198404,152966574,152581525,1451614,1405461,149627350,151551500,153384550,155931750
stdunstable,fewruns,16,puro,70,68,72,71,10,8,59,64,77,83
stdunstable,fewruns,16,com_pre,73,71,75,72,9,7,62,66,77,88
stdunstable,fewruns,32,puro,122,119,125,122,15,12,103,111,133,144
stdunstable,fewruns,32,com_pre,137,134,140,136,14,12,120,127,147,163
stdunstable,fewruns,64,puro,250,242,258,251,32,28,207,229,272,312
stdunstable,fewruns,64,com_pre,303,293,313,302,44,37,250,272,329,392
stdunstable,fewruns,128,puro,521,503,540,510,81,67,425,461,570,688
stdunstable,fewruns,128,com_pre,549,538,560,550,37,40,483,513,574,625
stdunstable,fewruns,256,puro,1013,1004,1022,1009,37,33,949,989,1040,1074
stdunstable,fewruns,256,com_pre,1174,1165,1184,1174,39,35,1112,1152,1203,1239
stdunstable,fewruns,512,puro,2249,2227,2272,2248,75,81,2093,2200,2301,2421
stdunstable,fewruns,512,com_pre,2541,2521,2560,2557,79,71,2396,2494,2600,2657
stdunstable,fewruns,1000,puro,4653,4628,4676,4681,78,88,4462,4595,4724,4792
stdunstable,fewruns,1000,com_pre,5258,5215,5314,5228,90,181,5028,5173,5320,6211
stdunstable,fewruns,5000,puro,28294,28134,28446,28445,448,570,27096,27988,28596,29157
stdunstable,fewruns,5000,com_pre,31681,31505,31896,31573,339,718,30500,31350,31894,35494
stdunstable,fewruns,10000,puro,61313,61036,61590,61313,674,1004,58861,60996,61852,63891
stdunstable,fewruns,10000,com_pre,66901,66567,67272,66913,835,1281,64546,66237,67298,72336
stdunstable,fewruns,100000,puro,764579,761553,767538,766367,9282,10907,738580,758655,771875,786634
stdunstable,fewruns,100000,com_pre,833298,830719,836028,832602,6520,9684,810172,828443,837125,869030
stdunstable,fewruns,1000000,puro,9345937,9320594,9370192,9349898,90718,90891,9034650,9297255,9411500,9518600
stdunstable,fewruns,1000000,com_pre,9818098,9795521,9841687,9797164,85873,84041,9691157,9753805,9865685,10047770
stdunstable,fewruns,10000000,puro,110350718,109754040,111226979,110000400,1258616,2749787,107568050,109152100,110849950,127475400
stdunstable,fewruns,10000000,com_pre,114725415,114429653,115024802,114824050,1325407,1087229,112634400,113813650,115498550,117012750
stdunstable,real,16,puro,82,80,84,82,7,7,71,77,86,101
stdunstable,real,16,com_pre,83,81,86,82,7,7,71,78,90,105
stdunstable,real,32,puro,133,130,136,133,14,11,113,124,142,153
stdunstable,real,32,com_pre,147,144,150,147,13,11,129,138,155,168
stdunstable,real,64,puro,250,242,257,252,39,29,209,220,271,303
stdunstable,real,64,com_pre,285,275,295,282,42,36,237,250,307,363
stdunstable,real,128,puro,520,504,537,503,70,61,439,462,565,646
stdunstable,real,128,com_pre,595,579,612,583,68,59,511,542,641,727
stdunstable,real,256,puro,956,945,966,956,42,37,884,931,989,1044
stdunstable,real,256,com_pre,1154,1142,1166,1152,50,44,1089,1118,1182,1316
stdunstable,real,512,puro,1840,1824,1856,1835,60,58,1710,1803,1892,1931
stdunstable,real,512,com_pre,2294,2279,2309,2302,58,55,2163,2259,2334,2383
stdunstable,real,1000,puro,3400,3372,3429,3398,98,104,3178,3340,3482,3669
stdunstable,real,1000,com_pre,4058,4034,4082,4091,100,88,3883,3986,4129,4238
stdunstable,real,5000,puro,15444,15296,15589,15538,445,537,14373,15137,15765,16654
stdunstable,real,5000,com_pre,19094,18996,19187,19144,252,348,18221,18957,19304,19799
stdunstable,real,10000,puro,29290,29082,29496,29377,578,755,27569,28930,29758,31179
stdunstable,real,10000,com_pre,37126,36882,37410,36965,602,961,35402,36547,37343,41614
stdunstable,real,100000,puro,262380,260689,264815,260296,1956,7695,256961,259098,262739,309913
stdunstable,real,100000,com_pre,515089,511859,519585,513755,7668,14352,500562,507434,518790,602500
stdstable,random,16,puro,84,82,86,84,7,7,73,80,89,96
stdstable,random,16,com_pre,81,79,83,81,9,7,72,75,89,94
stdstable,random,32,puro,186,184,189,185,9,10,168,179,192,211
stdstable,random,32,com_pre,192,189,197,191,16,15,174,180,201,250
stdstable,random,64,puro,412,408,415,412,12,13,385,403,420,440
stdstable,random,64,com_pre,408,403,414,406,21,19,376,393,421,454
stdstable,random,128,puro,647,641,653,650,20,21,607,626,663,688
stdstable,random,128,com_pre,733,726,739,732,15,22,683,722,745,787
stdstable,random,256,puro,1365,1350,1381,1357,38,56,1263,1333,1385,1599
stdstable,random,256,com_pre,1548,1537,1559,1548,35,40,1468,1530,1573,1637
stdstable,random,512,puro,3031,3000,3063,3029,76,116,2771,2973,3064,3390
stdstable,random,512,com_pre,4719,4637,4799,4748,234,295,3629,4564,4877,5540
stdstable,random,1000,puro,9195,9118,9274,9174,301,284,8680,8999,9391,9962
stdstable,random,1000,com_pre,12149,12086,12212,12151,180,228,11630,12012,12264,12727
stdstable,random,5000,puro,54005,53659,54332,54468,915,1225,51181,53166,54882,55860
stdstable,random,5000,com_pre,67803,67569,68043,67713,942,865,66531,67055,68333,69964
stdstable,random,10000,puro,111996,111304,112680,112585,2297,2524,107082,110626,113464,118157
stdstable,random,10000,com_pre,140991,140223,141865,140883,2164,2992,136086,138880,141793,154411
stdstable,random,100000,puro,1243397,1236422,1251765,1236315,16065,28138,1211525,1227150,1251173,1381450
stdstable,random,100000,com_pre,1550540,1545148,1556965,1544323,12344,21667,1529307,1537950,1554468,1650033
stdstable,random,1000000,puro,15096476,15052153,15141907,15078543,121069,163720,14724000,14999444,15161042,15502122
stdstable,random,1000000,com_pre,18016997,17921910,18122106,17867050,228091,366711,17503200,17794418,18119509,19033609
stdstable,random,10000000,puro,189169107,186244601,192586632,184260100,2719718,11594620,181653700,183013250,188494350,228179450
stdstable,random,10000000,com_pre,216968718,213123979,221553119,211918450,3288926,15563059,206256000,209871700,214810600,269947000
stdstable,turtles,16,puro,84,82,86,83,10,8,71,77,91,98
stdstable,turtles,16,com_pre,83,81,85,82,8,7,72,78,90,97
stdstable,turtles,32,puro,150,147,153,149,13,11,134,142,159,172
stdstable,turtles,32,com_pre,186,184,189,187,11,9,172,179,194,199
stdstable,turtles,64,puro,249,245,253,248,20,15,225,237,263,280
stdstable,turtles,64,com_pre,287,283,291,288,17,16,257,275,297,321
stdstable,turtles,128,puro,438,433,443,440,16,19,400,426,450,486
stdstable,turtles,128,com_pre,517,509,525,516,32,29,470,496,542,566
stdstable,turtles,256,puro,841,833,849,843,36,30,777,823,869,888
stdstable,turtles,256,com_pre,1010,999,1021,1014,44,41,934,981,1042,1092
stdstable,turtles,512,puro,1491,1476,1505,1494,59,53,1384,1458,1534,1569
stdstable,turtles,512,com_pre,1978,1956,2000,1989,93,81,1828,1917,2036,2209
stdstable,turtles,1000,puro,2860,2813,2906,2920,155,170,2556,2735,3005,3084
stdstable,turtles,1000,com_pre,3070,3020,3120,3098,215,181,2780,2908,3233,3393
stdstable,turtles,5000,puro,12394,12200,12583,12579,653,696,11044,11888,12938,13799
stdstable,turtles,5000,com_pre,18735,18550,18929,18695,535,687,17430,18386,19059,21123
stdstable,turtles,10000,puro,23444,23206,23710,23554,650,912,21895,22956,23861,27690
stdstable,turtles,10000,com_pre,27788,27638,27969,27704,318,598,26856,27514,27975,30851
stdstable,turtles,100000,puro,234255,233485,235133,233279,1784,3005,230420,232356,235224,245567
stdstable,turtles,100000,com_pre,258812,257650,260297,257714,2288,4870,254010,256551,259923,281887
stdstable,turtles,1000000,puro,3019510,2998365,3041479,3017413,68804,78504,2861892,2969707,3062523,3286873
stdstable,turtles,1000000,com_pre,3121136,3102823,3140259,3113135,66606,68501,2966867,3065280,3158020,3319290
stdstable,turtles,10000000,puro,29806230,29680094,29934500,29783714,366880,461194,28733029,29535800,29995071,30781514
stdstable,turtles,10000000,com_pre,39862219,39716202,40013167,39764880,494758,540553,38868920,39487700,40183540,41210200
stdstable,zigzag,16,puro,79,78,81,79,9,6,69,74,85,94
stdstable,zigzag,16,com_pre,72,70,74,70,8,7,63,65,78,86
stdstable,zigzag,32,puro,159,156,163,156,12,12,143,150,169,186
stdstable,zigzag,32,com_pre,178,176,180,177,8,7,166,173,185,195
stdstable,zigzag,64,puro,377,374,380,377,10,11,354,370,383,401
stdstable,zigzag,64,com_pre,242,238,247,238,19,16,217,229,257,269
stdstable,zigzag,128,puro,625,619,631,626,20,22,577,612,639,672
stdstable,zigzag,128,com_pre,488,481,495,486,28,25,445,475,513,536
stdstable,zigzag,256,puro,1409,1393,1426,1411,52,59,1297,1367,1443,1601
stdstable,zigzag,256,com_pre,982,970,995,984,39,44,893,958,1011,1088
stdstable,zigzag,512,puro,3116,3094,3137,3130,61,80,2915,3069,3168,3273
stdstable,zigzag,512,com_pre,1994,1976,2013,1998,54,68,1867,1961,2034,2121
stdstable,zigzag,1000,puro,6858,6789,6926,6880,292,251,6377,6654,7048,7241
stdstable,zigzag,1000,com_pre,4059,4010,4107,4084,229,178,3740,3918,4222,4314
stdstable,zigzag,5000,puro,45594,45267,45938,45842,983,1221,43534,44756,46265,50196
stdstable,zigzag,5000,com_pre,22401,22199,22660,22351,483,849,21221,21942,22572,27181
stdstable,zigzag,10000,puro,93450,92757,94147,93557,2903,2542,88292,91648,95564,98708
stdstable,zigzag,10000,com_pre,47599,47318,47903,47322,855,1068,46251,46789,48129,50703
stdstable,zigzag,100000,puro,1162399,1157253,1167789,1159866,13049,19097,1126088,1151668,1168702,1220469
stdstable,zigzag,100000,com_pre,542013,536737,548490,535287,11687,21494,517896,529260,549231,651143
stdstable,zigzag,1000000,puro,15539196,15486957,15590933,15583692,190354,190107,15194900,15356838,15663723,15953631
stdstable,zigzag,1000000,com_pre,6603717,6576714,6634081,6589012,68474,105151,6451144,6535511,6633448,7037280
stdstable,zigzag,10000000,puro,142350228,142009282,142708836,141961950,973253,1279879,139666500,141486000,143501000,146410000
stdstable,zigzag,10000000,com_pre,73151849,73015113,73287923,73150050,526471,496331,71947233,72814133,73511200,74320600
stdstable,almostsorted,16,puro,68,66,70,67,8,7,58,63,74,83
stdstable,almostsorted,16,com_pre,71,69,73,71,8,6,60,65,77,83
stdstable,almostsorted,32,puro,84,80,87,85,13,12,63,73,94,100
stdstable,almostsorted,32,com_pre,97,93,100,98,18,12,80,83,109,117
stdstable,almostsorted,64,puro,91,88,95,96,12,12,71,80,101,114
stdstable,almostsorted,64,com_pre,138,133,143,139,24,18,107,123,155,164
stdstable,almostsorted,128,puro,471,466,476,471,22,18,436,459,487,517
stdstable,almostsorted,128,com_pre,474,466,482,471,21,28,425,460,486,591
stdstable,almostsorted,256,puro,1154,1146,1163,1151,31,31,1087,1139,1181,1201
stdstable,almostsorted,256,com_pre,815,805,826,808,48,39,742,792,855,900
stdstable,almostsorted,512,puro,2913,2898,2927,2919,32,52,2777,2896,2941,3071
stdstable,almostsorted,512,com_pre,2529,2511,2547,2526,70,66,2389,2478,2572,2672
stdstable,almostsorted,1000,puro,7218,7179,7255,7220,133,138,6893,7134,7320,7441
stdstable,almostsorted,1000,com_pre,6844,6797,6889,6891,150,168,6473,6770,6955,7157
stdstable,almostsorted,5000,puro,57018,56794,57267,56885,749,865,55711,56461,57411,60794
stdstable,almostsorted,5000,com_pre,57733,57538,57935,57603,714,727,56499,57196,58292,59862
stdstable,almostsorted,10000,puro,124328,123744,125025,123743,1460,2353,121207,122984,125008,135710
stdstable,almostsorted,10000,com_pre,126660,126204,127144,126510,1368,1703,123213,125427,127415,132007
stdstable,almostsorted,100000,puro,1029246,1009929,1051635,1004312,29903,76103,929350,987665,1029050,1351810
stdstable,almostsorted,100000,com_pre,1050511,1041134,1060483,1041238,31131,35270,977025,1029747,1074309,1166252
stdstable,almostsorted,1000000,puro,11598071,11473083,11784751,11488999,251715,584213,11024422,11346000,11676179,15307786
stdstable,almostsorted,1000000,com_pre,12059790,12019730,12101335,12047338,174082,148238,11792500,11933363,12172250,12422990
stdstable,almostsorted,10000000,puro,142215661,141928413,142514676,141940175,715948,1064594,139854900,141625750,142754950,145143000
stdstable,almostsorted,10000000,com_pre,148439486,148130699,148744664,148333200,1091119,1123469,145370750,147817050,149229050,150744550
stdstable,duplicates,16,puro,76,74,77,76,8,7,66,70,81,91
stdstable,duplicates,16,com_pre,78,75,80,79,10,8,66,69,83,92
stdstable,duplicates,32,puro,165,162,169,162,13,12,147,156,176,192
stdstable,duplicates,32,com_pre,170,168,173,171,11,10,154,162,177,189
stdstable,duplicates,64,puro,358,354,362,358,16,14,334,347,368,387
stdstable,duplicates,64,com_pre,352,348,356,353,16,15,323,342,363,385
stdstable,duplicates,128,puro,333,326,341,330,34,27,290,309,356,382
stdstable,duplicates,128,com_pre,404,396,411,405,35,28,364,377,428,471
stdstable,duplicates,256,puro,549,537,561,552,61,44,476,513,594,615
stdstable,duplicates,256,com_pre,727,717,737,726,44,37,655,697,758,789
stdstable,duplicates,512,puro,965,946,984,976,77,69,826,908,1023,1071
stdstable,duplicates,512,com_pre,1334,1317,1350,1345,57,61,1213,1298,1377,1490
stdstable,duplicates,1000,puro,2022,1939,2102,2099,236,298,1550,1715,2250,2757
stdstable,duplicates,1000,com_pre,2594,2548,2640,2642,159,168,2307,2449,2714,2923
stdstable,duplicates,5000,puro,9447,9079,9809,9771,1645,1331,7481,8051,10625,11784
stdstable,duplicates,5000,com_pre,22140,22017,22266,22166,348,453,21278,21928,22355,23681
stdstable,duplicates,10000,puro,17849,17289,18398,18405,2059,2017,14585,15581,19274,21214
stdstable,duplicates,10000,com_pre,43789,43535,44085,43621,894,1003,42372,43149,44268,48667
stdstable,duplicates,100000,puro,147519,146514,148732,146818,2635,4055,142236,145094,148827,167146
stdstable,duplicates,100000,com_pre,427440,425988,428950,426201,6124,5417,418606,422166,432367,440946
stdstable,duplicates,1000000,puro,2531343,2507184,2556173,2517816,45678,89474,2247053,2490409,2551959,2739033
stdstable,duplicates,1000000,com_pre,5011487,4979791,5047087,4995253,115729,122475,4812542,4926742,5091983,5571783
stdstable,duplicates,10000000,puro,43915866,43755813,44075522,43972760,727319,580092,42739200,43351560,44413120,45024800
stdstable,duplicates,10000000,com_pre,65419715,65218689,65630799,65300250,793463,754016,64244900,64795800,65927633,67836300
stdstable,inverted,16,puro,92,91,94,92,8,7,80,86,98,108
stdstable,inverted,16,com_pre,73,71,75,71,8,8,62,67,79,95
stdstable,inverted,32,puro,84,80,87,85,15,12,65,74,93,102
stdstable,inverted,32,com_pre,96,93,99,96,18,12,77,84,108,117
stdstable,inverted,64,puro,96,92,100,102,16,14,72,83,108,117
stdstable,inverted,64,com_pre,135,129,141,135,29,23,100,114,154,191
stdstable,inverted,128,puro,128,122,134,134,16,22,92,110,141,180
stdstable,inverted,128,com_pre,196,187,204,210,26,32,142,166,221,244
stdstable,inverted,256,puro,191,181,200,208,19,35,130,158,215,257
stdstable,inverted,256,com_pre,311,297,324,332,39,49,222,271,347,399
stdstable,inverted,512,puro,314,298,331,335,25,59,205,277,346,523
stdstable,inverted,512,com_pre,572,545,597,610,71,96,388,506,650,678
stdstable,inverted,1000,puro,579,551,604,605,47,97,337,575,639,704
stdstable,inverted,1000,com_pre,1041,998,1081,1060,120,152,705,1001,1144,1311
stdstable,inverted,5000,puro,2284,2151,2448,2350,338,542,1561,1957,2498,5217
stdstable,inverted,5000,com_pre,4409,4312,4504,4418,419,350,3683,4142,4709,5137
stdstable,inverted,10000,puro,4476,4303,4647,4561,586,623,3302,4108,4953,6404
stdstable,inverted,10000,com_pre,8426,8209,8643,8507,728,791,7087,7923,8964,10121
stdstable,inverted,100000,puro,29760,29594,29952,29641,446,650,28878,29361,29960,32701
stdstable,inverted,100000,com_pre,68489,68212,68791,68227,728,1058,66933,67877,68863,71270
stdstable,inverted,1000000,puro,418004,413566,422398,416422,14801,16150,379630,406916,427479,454685
stdstable,inverted,1000000,com_pre,788185,782162,794572,783428,22255,22631,749957,770854,800126,853940
stdstable,inverted,10000000,puro,4572767,4530993,4614350,4583336,124013,151283,4223200,4485242,4653820,4965912
stdstable,inverted,10000000,com_pre,7559771,7506378,7610211,7556012,192158,189687,7009200,7464685,7699333,7886506
stdstable,sawtooth,16,puro,69,67,71,68,11,7,58,62,76,79
stdstable,sawtooth,16,com_pre,71,69,73,70,8,7,61,66,77,83
stdstable,sawtooth,32,puro,142,139,145,139,13,11,126,133,151,165
stdstable,sawtooth,32,com_pre,194,192,197,193,11,9,179,187,201,214
stdstable,sawtooth,64,puro,334,327,341,334,27,25,294,313,352,385
stdstable,sawtooth,64,com_pre,391,381,402,392,45,38,336,360,419,470
stdstable,sawtooth,128,puro,625,608,643,627,78,63,536,569,674,809
stdstable,sawtooth,128,com_pre,712,697,727,704,65,54,645,667,763,832
stdstable,sawtooth,256,puro,1259,1251,1268,1261,29,32,1192,1238,1280,1339
stdstable,sawtooth,256,com_pre,1409,1398,1418,1413,30,36,1317,1392,1433,1483
stdstable,sawtooth,512,puro,2357,2338,2376,2359,45,70,2204,2331,2396,2570
stdstable,sawtooth,512,com_pre,2403,2386,2420,2412,45,62,2265,2369,2441,2530
stdstable,sawtooth,1000,puro,3233,3204,3262,3245,112,105,2997,3161,3316,3405
stdstable,sawtooth,1000,com_pre,3433,3406,3463,3445,68,103,3212,3369,3478,3896
stdstable,sawtooth,5000,puro,15854,15606,16102,15840,1106,909,14205,15372,16841,17535
stdstable,sawtooth,5000,com_pre,16439,16328,16550,16398,329,404,15557,16283,16716,17453
stdstable,sawtooth,10000,puro,28871,28472,29276,28665,1798,1464,26624,27670,30072,33455
stdstable,sawtooth,10000,com_pre,32553,32362,32785,32462,537,771,31231,32143,32866,36628
stdstable,sawtooth,100000,puro,283227,282150,284490,281914,2781,4294,278186,280301,284993,303321
stdstable,sawtooth,100000,com_pre,305862,304525,307264,305546,4088,4987,296783,302846,308624,320798
stdstable,sawtooth,1000000,puro,3527556,3513153,3542013,3533126,31825,52404,3350500,3503138,3549188,3709289
stdstable,sawtooth,1000000,com_pre,3527073,3512979,3542529,3522224,44741,53676,3384867,3494281,3556057,3764350
stdstable,sawtooth,10000000,puro,59949668,59820424,60078008,59994762,576120,472456,58824775,59595150,60362425,60754725
stdstable,sawtooth,10000000,com_pre,52638184,51803999,53678712,51705512,697174,3458268,50001575,51257050,52231925,65570500
stdstable,organpipe,16,puro,87,85,88,84,8,7,77,81,94,97
stdstable,organpipe,16,com_pre,84,82,86,83,9,7,73,77,89,98
stdstable,organpipe,32,puro,191,188,194,191,12,10,174,183,199,208
stdstable,organpipe,32,com_pre,194,191,197,194,13,10,179,185,206,211
stdstable,organpipe,64,puro,314,307,321,312,39,27,274,285,343,368
stdstable,organpipe,64,com_pre,350,340,360,351,46,36,301,313,379,423
stdstable,organpipe,128,puro,554,541,568,521,9,48,513,517,602,653
stdstable,organpipe,128,com_pre,641,629,653,633,59,44,575,604,676,740
stdstable,organpipe,256,puro,598,590,606,596,42,30,551,572,624,646
stdstable,organpipe,256,com_pre,1237,1226,1247,1236,43,38,1167,1206,1265,1322
stdstable,organpipe,512,puro,1129,1115,1143,1139,50,52,1032,1090,1165,1269
stdstable,organpipe,512,com_pre,1960,1941,1979,1952,64,70,1834,1918,2014,2175
stdstable,organpipe,1000,puro,2100,2076,2123,2132,72,86,1946,2031,2166,2298
stdstable,organpipe,1000,com_pre,3567,3543,3591,3564,126,88,3428,3497,3654,3717
stdstable,organpipe,5000,puro,10412,10311,10515,10329,382,372,9734,10149,10819,11106
stdstable,organpipe,5000,com_pre,17328,17248,17404,17395,267,285,16632,17151,17541,17837
stdstable,organpipe,10000,puro,19997,19864,20126,20096,454,477,18931,19626,20357,21122
stdstable,organpipe,10000,com_pre,34247,34106,34387,34272,531,512,33199,34022,34634,35249
stdstable,organpipe,100000,puro,196544,196152,196953,196318,1595,1465,193495,195462,197501,201182
stdstable,organpipe,100000,com_pre,335052,334124,335984,334931,3432,3407,328741,332748,337312,342720
stdstable,organpipe,1000000,puro,2451959,2402550,2520669,2439302,70902,219145,2142783,2387179,2485844,3785000
stdstable,organpipe,1000000,com_pre,3876506,3829956,3925564,3869706,140556,174072,3530100,3763373,3963914,4459262
stdstable,organpipe,10000000,puro,23141974,22993869,23297139,23154869,473626,554042,22142250,22724175,23422912,24889788
stdstable,organpipe,10000000,com_pre,38288606,37731587,38929898,37651610,935906,2193761,36325580,37038880,38292280,45747920
stdstable,fewruns,16,puro,68,66,69,68,10,7,58,61,74,79
stdstable,fewruns,16,com_pre,72,70,74,72,9,7,62,66,78,89
stdstable,fewruns,32,puro,141,138,144,140,11,11,123,133,148,162
stdstable,fewruns,32,com_pre,149,146,152,148,15,10,134,138,158,166
stdstable,fewruns,64,puro,292,283,302,283,37,34,244,265,316,376
stdstable,fewruns,64,com_pre,318,308,328,304,30,36,276,287,347,410
stdstable,fewruns,128,puro,665,649,682,675,72,61,568,605,698,813
stdstable,fewruns,128,com_pre,719,708,730,719,43,41,645,689,745,815
stdstable,fewruns,256,puro,1272,1263,1281,1266,36,33,1210,1249,1296,1377
stdstable,fewruns,256,com_pre,1418,1410,1427,1420,32,32,1357,1395,1441,1476
stdstable,fewruns,512,puro,2435,2424,2445,2436,24,39,2334,2420,2455,2509
stdstable,fewruns,512,com_pre,3007,2989,3024,3007,57,64,2861,2973,3049,3178
stdstable,fewruns,1000,puro,3004,2980,3032,3000,45,94,2849,2961,3028,3470
stdstable,fewruns,1000,com_pre,4147,4120,4173,4155,89,97,3919,4091,4211,4357
stdstable,fewruns,5000,puro,14943,14853,15030,15014,322,322,14305,14723,15213,15531
stdstable,fewruns,5000,com_pre,19187,19079,19322,19229,267,444,18459,19014,19349,21637
stdstable,fewruns,10000,puro,29620,29415,29841,29702,587,775,28300,29218,29987,32922
stdstable,fewruns,10000,com_pre,38062,37890,38272,38084,465,698,37083,37732,38257,41773
stdstable,fewruns,100000,puro,287094,286428,287742,287734,2382,2397,281341,284964,289004,291739
stdstable,fewruns,100000,com_pre,373884,372939,374875,373415,3543,3521,366636,372135,376221,385045
stdstable,fewruns,1000000,puro,3252239,3240566,3265497,3251002,25704,45041,3140167,3233578,3268264,3463183
stdstable,fewruns,1000000,com_pre,3995897,3984434,4006779,3995205,34467,40833,3860200,3974169,4022753,4070762
stdstable,fewruns,10000000,puro,32895789,32814043,32978612,32908217,250522,298720,32147483,32739267,33077217,33841167
stdstable,fewruns,10000000,com_pre,40098891,39971314,40232002,40041990,467152,476114,39313340,39737980,40469080,41123600
stdstable,real,16,puro,82,80,84,81,8,7,72,77,87,94
stdstable,real,16,com_pre,81,80,83,82,5,6,70,78,86,92
stdstable,real,32,puro,174,171,177,174,12,11,155,166,181,198
stdstable,real,32,com_pre,179,176,181,178,11,10,162,171,187,197
stdstable,real,64,puro,416,407,425,411,40,34,364,391,443,490
stdstable,real,64,com_pre,413,404,422,408,44,34,365,380,439,485
stdstable,real,128,puro,638,626,650,632,48,45,569,600,671,747
stdstable,real,128,com_pre,705,694,717,700,57,42,639,664,743,780
stdstable,real,256,puro,1213,1202,1223,1215,35,39,1130,1189,1237,1291
stdstable,real,256,com_pre,1340,1329,1353,1336,28,43,1264,1318,1356,1566
stdstable,real,512,puro,2226,2206,2246,2221,78,72,2071,2179,2295,2348
stdstable,real,512,com_pre,2582,2562,2607,2574,56,83,2438,2548,2624,3002
stdstable,real,1000,puro,4109,4072,4145,4112,108,134,3832,4039,4184,4425
stdstable,real,1000,com_pre,4450,4423,4477,4440,123,98,4276,4366,4532,4712
stdstable,real,5000,puro,17000,16806,17190,16928,848,701,15604,16462,17648,18134
stdstable,real,5000,com_pre,20574,20432,20738,20453,323,562,19753,20309,20756,22858
stdstable,real,10000,puro,34007,33597,34417,34120,1877,1495,31119,32691,35223,37015
stdstable,real,10000,com_pre,39267,38997,39573,39156,562,1050,37396,38701,39476,44063
stdstable,real,100000,puro,296752,294816,299416,295470,3233,8537,286769,293347,298772,347723
stdstable,real,100000,com_pre,547326,544788,549983,546797,7003,9463,526538,542705,551920,577392
descreverse,random,16,puro,83,82,85,83,10,7,72,77,90,96
descreverse,random,16,com_pre,83,81,85,82,8,7,72,78,88,97
descreverse,random,32,puro,157,155,160,156,12,10,138,150,167,182
descreverse,random,32,com_pre,146,143,148,145,11,10,130,137,154,166
descreverse,random,64,puro,393,387,401,390,10,26,354,384,397,546
descreverse,random,64,com_pre,324,319,329,321,15,17,289,313,337,366
descreverse,random,128,puro,1500,1489,1512,1493,30,41,1402,1476,1518,1651
descreverse,random,128,com_pre,1049,1039,1059,1056,26,36,965,1024,1071,1148
descreverse,random,256,puro,4916,4863,4976,4855,117,209,4614,4786,4995,5781
descreverse,random,256,com_pre,3549,3526,3572,3569,94,82,3329,3478,3606,3685
descreverse,random,512,puro,17215,17083,17354,17206,348,491,16156,16950,17350,18673
descreverse,random,512,com_pre,11597,11498,11700,11581,324,369,10653,11368,11802,12790
descreverse,random,1000,puro,60911,59717,62422,59945,1399,4993,56028,59066,60953,82087
descreverse,random,1000,com_pre,38900,38340,39681,38489,903,2475,36333,38016,39122,53209
descreverse,random,5000,puro,1352302,1344450,1360340,1349825,29187,28821,1294945,1330144,1370518,1413736
descreverse,random,5000,com_pre,764512,759394,770376,760380,13236,20093,741729,751033,769057,839800
descreverse,random,10000,puro,5297501,5271314,5326316,5279732,72329,100025,5137067,5227444,5324724,5630700
descreverse,random,10000,com_pre,2966864,2949894,2984239,2954811,66517,62641,2875783,2922733,3016115,3086265
descreverse,random,100000,puro,522472920,520448900,524791950,521408250,5275832,6169159,514681300,517450400,524567400,543686700
descreverse,random,100000,com_pre,290596673,288904490,292414555,290607700,4887317,5004331,283627700,285924300,292908700,302924900
descreverse,turtles,16,puro,84,82,86,84,9,7,73,79,91,97
descreverse,turtles,16,com_pre,93,91,95,92,10,7,83,86,99,106
descreverse,turtles,32,puro,169,166,171,169,9,10,150,162,174,189
descreverse,turtles,32,com_pre,148,145,151,147,13,11,127,141,157,167
descreverse,turtles,64,puro,426,418,436,426,13,33,381,416,435,626
descreverse,turtles,64,com_pre,375,370,380,377,16,18,329,366,388,413
descreverse,turtles,128,puro,1381,1368,1395,1374,47,48,1289,1354,1414,1507
descreverse,turtles,128,com_pre,1003,995,1011,1003,30,29,933,983,1023,1056
descreverse,turtles,256,puro,5110,5067,5153,5143,140,155,4782,5010,5199,5457
descreverse,turtles,256,com_pre,3599,3548,3651,3602,166,186,3214,3511,3721,4109
descreverse,turtles,512,puro,18229,18117,18341,18271,330,409,17276,17891,18461,19099
descreverse,turtles,512,com_pre,12372,12231,12512,12429,536,510,11216,12086,12810,13560
descreverse,turtles,1000,puro,67235,66716,67868,66799,810,2106,64549,66289,67551,77872
descreverse,turtles,1000,com_pre,43447,43230,43670,43329,630,803,42047,42985,43839,45590
descreverse,turtles,5000,puro,1618318,1608082,1631185,1609284,23867,42397,1560300,1595246,1626750,1846767
descreverse,turtles,5000,com_pre,977209,972151,982401,976865,14390,18727,945554,966739,986292,1022389
descreverse,turtles,10000,puro,6421617,6392873,6453819,6388677,71898,111522,6251833,6351010,6451800,6878125
descreverse,turtles,10000,com_pre,3826809,3808160,3846967,3813756,63039,70437,3730550,3771861,3858473,4035800
descreverse,turtles,100000,puro,642229193,639385925,645626484,640330300,7059919,8857872,632436100,635959200,647106300,675905700
descreverse,turtles,100000,com_pre,380327493,379026602,381757742,379284150,2915310,3883596,375376600,377666000,381786800,389461500
descreverse,zigzag,16,puro,87,85,89,84,7,7,79,81,92,102
descreverse,zigzag,16,com_pre,74,72,76,73,9,7,65,68,81,88
descreverse,zigzag,32,puro,166,163,168,166,10,10,148,159,172,192
descreverse,zigzag,32,com_pre,102,99,106,101,15,12,85,92,114,123
descreverse,zigzag,64,puro,386,382,390,386,14,16,348,378,398,417
descreverse,zigzag,64,com_pre,162,155,170,163,38,27,125,135,186,202
descreverse,zigzag,128,puro,1175,1163,1193,1165,29,55,1110,1149,1187,1498
descreverse,zigzag,128,com_pre,264,255,273,266,43,32,216,234,295,322
descreverse,zigzag,256,puro,4511,4455,4575,4475,108,219,4163,4424,4557,5372
descreverse,zigzag,256,com_pre,462,445,483,464,47,69,355,418,487,808
descreverse,zigzag,512,puro,16935,16778,17134,16779,372,653,16186,16556,17058,20491
descreverse,zigzag,512,com_pre,848,807,912,849,66,199,682,765,886,2133
descreverse,zigzag,1000,puro,59847,59334,60407,59329,1199,1953,56816,58582,60581,66136
descreverse,zigzag,1000,com_pre,1605,1563,1645,1671,104,150,1297,1520,1716,1790
descreverse,zigzag,5000,puro,1356324,1347789,1365487,1349554,28519,32320,1309198,1330585,1371263,1454233
descreverse,zigzag,5000,com_pre,6910,6816,7000,6981,317,335,6214,6711,7187,7482
descreverse,zigzag,10000,puro,5299779,5269879,5333748,5271684,76623,116420,5144170,5227019,5330700,5793460
descreverse,zigzag,10000,com_pre,13419,13295,13541,13527,329,450,12504,13106,13706,14308
descreverse,zigzag,100000,puro,525512873,523795294,527242781,525253500,5445516,4882339,515846500,521581300,529773300,536594000
descreverse,zigzag,100000,com_pre,127549,126539,128617,126954,2369,2953,123737,125437,128797,133985
descreverse,almostsorted,16,puro,68,66,70,67,9,7,58,62,73,85
descreverse,almostsorted,16,com_pre,74,72,76,72,7,7,65,69,81,87
descreverse,almostsorted,32,puro,80,77,83,80,16,11,65,69,90,98
descreverse,almostsorted,32,com_pre,100,97,104,102,17,12,84,89,112,116
descreverse,almostsorted,64,puro,105,101,108,111,12,13,84,93,115,125
descreverse,almostsorted,64,com_pre,155,148,162,154,35,24,122,129,177,192
descreverse,almostsorted,128,puro,191,187,196,193,19,16,163,180,205,226
descreverse,almostsorted,128,com_pre,259,250,267,269,33,31,207,222,285,305
descreverse,almostsorted,256,puro,407,401,412,412,21,20,370,390,423,443
descreverse,almostsorted,256,com_pre,481,470,492,496,37,41,405,441,515,558
descreverse,almostsorted,512,puro,1053,1046,1060,1060,20,25,991,1039,1070,1098
descreverse,almostsorted,512,com_pre,1096,1075,1116,1126,81,77,937,1041,1157,1217
descreverse,almostsorted,1000,puro,3029,3002,3054,3051,70,94,2756,2961,3095,3248
descreverse,almostsorted,1000,com_pre,2919,2871,2967,2978,163,176,2606,2747,3046,3331
descreverse,almostsorted,5000,puro,47837,47064,48713,47410,2124,3012,44008,45765,48450,58702
descreverse,almostsorted,5000,com_pre,37178,36669,37728,36609,1340,1927,34174,36162,37791,43228
descreverse,almostsorted,10000,puro,174425,171311,177878,170838,8128,11952,158916,165468,178872,215488
descreverse,almostsorted,10000,com_pre,126709,124248,129376,123673,5810,9366,113106,120208,128328,153524
descreverse,almostsorted,100000,puro,14649701,14515812,14779540,14627802,378202,371560,13662533,14437242,14902971,15342293
descreverse,almostsorted,100000,com_pre,8827942,8774491,8884403,8805739,159519,156481,8604569,8711859,8922200,9176714
descreverse,duplicates,16,puro,79,77,80,79,6,6,67,75,83,91
descreverse,duplicates,16,com_pre,79,77,81,79,5,7,67,75,82,92
descreverse,duplicates,32,puro,134,131,136,134,12,10,118,125,142,152
descreverse,duplicates,32,com_pre,126,123,129,124,11,11,107,118,134,145
descreverse,duplicates,64,puro,306,302,309,305,13,13,274,297,316,337
descreverse,duplicates,64,com_pre,246,241,251,245,22,19,207,232,263,278
descreverse,duplicates,128,puro,1173,1161,1186,1165,40,46,1063,1145,1193,1342
descreverse,duplicates,128,com_pre,591,585,597,590,19,22,539,581,606,651
descreverse,duplicates,256,puro,4063,3999,4135,3991,123,250,3706,3919,4139,5043
descreverse,duplicates,256,com_pre,2239,2218,2259,2233,51,74,2029,2208,2269,2409
descreverse,duplicates,512,puro,12568,12435,12712,12434,328,507,11686,12266,12810,14252
descreverse,duplicates,512,com_pre,7022,6937,7113,6952,187,320,6465,6827,7166,8046
descreverse,duplicates,1000,puro,42669,42122,43386,42008,1148,2305,40284,41406,43294,55657
descreverse,duplicates,1000,com_pre,22936,22695,23189,22748,680,901,20632,22409,23342,25548
descreverse,duplicates,5000,puro,904829,900124,909825,901461,16324,17707,875880,892180,914621,952485
descreverse,duplicates,5000,com_pre,381917,378852,385021,381561,8284,11268,358273,376125,387300,409675
descreverse,duplicates,10000,puro,3569315,3552541,3587117,3551002,47207,62908,3451875,3530185,3600075,3749000
descreverse,duplicates,10000,com_pre,1414398,1406234,1423235,1410659,25717,31003,1357744,1393152,1427844,1507731
descreverse,duplicates,100000,puro,356020927,353102871,359377771,355523350,8107376,8911417,344575700,349323400,359616800,388352900
descreverse,duplicates,100000,com_pre,133803428,133247371,134371938,133696475,1453949,1605917,130541650,132638600,134559900,136800150
descreverse,inverted,16,puro,73,71,75,73,10,8,61,66,80,86
descreverse,inverted,16,com_pre,74,72,76,73,9,7,63,67,81,87
descreverse,inverted,32,puro,89,86,91,91,12,10,74,78,97,106
descreverse,inverted,32,com_pre,96,92,99,97,16,12,78,85,106,115
descreverse,inverted,64,puro,128,125,131,132,11,12,107,118,138,148
descreverse,inverted,64,com_pre,144,137,150,145,35,23,112,119,168,180
descreverse,inverted,128,puro,193,189,198,198,14,16,163,181,204,229
descreverse,inverted,128,com_pre,228,220,235,233,31,28,179,199,251,263
descreverse,inverted,256,puro,339,332,345,349,18,24,286,321,356,374
descreverse,inverted,256,com_pre,400,387,412,415,40,46,313,366,437,460
descreverse,inverted,512,puro,625,614,636,641,31,40,544,593,656,685
descreverse,inverted,512,com_pre,747,722,771,782,89,90,584,665,822,858
descreverse,inverted,1000,puro,1202,1177,1228,1217,71,93,1025,1137,1256,1493
descreverse,inverted,1000,com_pre,1441,1390,1491,1519,160,184,1085,1276,1560,1733
descreverse,inverted,5000,puro,5566,5479,5652,5600,327,313,4978,5307,5773,6336
descreverse,inverted,5000,com_pre,6147,6007,6282,6274,570,499,5267,5755,6553,6904
descreverse,inverted,10000,puro,11030,10729,11378,10710,430,1191,9947,10366,10973,15113
descreverse,inverted,10000,com_pre,11857,11650,12070,11998,564,768,10418,11584,12234,14558
descreverse,inverted,100000,puro,98768,98304,99282,98440,1076,1396,96605,97783,99423,102589
descreverse,inverted,100000,com_pre,107189,106780,107596,107181,1378,1159,104543,106279,108138,110092
descreverse,sawtooth,16,puro,68,66,70,68,9,7,58,62,74,82
descreverse,sawtooth,16,com_pre,77,75,79,77,7,8,64,71,82,96
descreverse,sawtooth,32,puro,112,109,115,110,15,11,96,102,121,128
descreverse,sawtooth,32,com_pre,132,129,135,130,15,12,113,123,143,157
descreverse,sawtooth,64,puro,307,300,314,307,25,25,251,286,322,370
descreverse,sawtooth,64,com_pre,303,295,311,311,31,30,247,278,328,363
descreverse,sawtooth,128,puro,967,957,977,967,41,37,877,941,995,1028
descreverse,sawtooth,128,com_pre,765,750,780,767,58,56,619,730,810,878
descreverse,sawtooth,256,puro,3723,3701,3746,3735,94,83,3560,3662,3777,3949
descreverse,sawtooth,256,com_pre,2303,2259,2348,2300,148,161,1942,2208,2405,2672
descreverse,sawtooth,512,puro,14374,14296,14451,14407,275,282,13851,14177,14572,15083
descreverse,sawtooth,512,com_pre,8191,8037,8351,8067,496,571,7159,7810,8552,9864
descreverse,sawtooth,1000,puro,52761,52473,53078,52648,873,1101,50696,52044,53222,57343
descreverse,sawtooth,1000,com_pre,40183,39547,40820,40020,2378,2326,34770,38956,41678,45807
descreverse,sawtooth,5000,puro,1236792,1227466,1250555,1230922,14458,43262,1188342,1220460,1240286,1509050
descreverse,sawtooth,5000,com_pre,860062,848056,876626,850786,27602,52979,802611,839366,870630,1175360
descreverse,sawtooth,10000,puro,4858183,4826841,4898897,4846876,64124,132374,4696800,4791008,4881859,5583200
descreverse,sawtooth,10000,com_pre,2346631,2320125,2387863,2324293,36755,129975,2227138,2299615,2356055,3192450
descreverse,sawtooth,100000,puro,484872300,483305288,486388151,485060900,4075667,4419499,474630200,481836000,487724800,491678100
descreverse,sawtooth,100000,com_pre,228367697,227367470,229379845,228654450,2913902,2863486,223013200,226372600,229577100,234560400
descreverse,organpipe,16,puro,79,77,81,78,8,6,68,75,84,90
descreverse,organpipe,16,com_pre,84,82,85,83,9,7,73,78,89,97
descreverse,organpipe,32,puro,145,142,149,144,16,12,125,134,156,169
descreverse,organpipe,32,com_pre,159,155,163,156,10,14,135,149,164,199
descreverse,organpipe,64,puro,370,363,377,376,26,26,322,350,390,426
descreverse,organpipe,64,com_pre,417,403,431,421,69,51,335,365,459,536
descreverse,organpipe,128,puro,1227,1210,1245,1221,49,64,1112,1187,1253,1416
descreverse,organpipe,128,com_pre,1431,1406,1455,1437,62,88,1139,1395,1479,1625
descreverse,organpipe,256,puro,4399,4343,4464,4353,154,221,4108,4254,4482,5350
descreverse,organpipe,256,com_pre,4897,4783,5008,4927,378,410,3964,4655,5126,5844
descreverse,organpipe,512,puro,16134,15897,16390,15944,761,900,14820,15440,16670,19063
descreverse,organpipe,512,com_pre,16887,16522,17328,16650,1010,1465,14336,16271,17522,24566
descreverse,organpipe,1000,puro,57879,57083,58778,57283,1528,3093,52843,56440,58481,70588
descreverse,organpipe,1000,com_pre,59740,58854,60715,59427,2396,3364,55057,57547,61033,70216
descreverse,organpipe,5000,puro,1324477,1312871,1337607,1308732,25429,44937,1255560,1298131,1342217,1493400
descreverse,organpipe,5000,com_pre,1341216,1317838,1378504,1326195,30125,117701,1254700,1308896,1347526,2117300
descreverse,organpipe,10000,puro,5172796,5143405,5209995,5155572,64037,122055,5003120,5116835,5218936,5837800
descreverse,organpipe,10000,com_pre,5221972,5192081,5254342,5220739,80042,112869,4994375,5166093,5269360,5701450
descreverse,organpipe,100000,puro,517867987,515904758,519704303,519180650,3644453,5394243,504475900,514909100,521382900,529393500
descreverse,organpipe,100000,com_pre,517373177,515531412,519317987,516294000,5114451,5405168,508781000,513573600,520240600,531391600
descreverse,fewruns,16,puro,70,68,72,69,8,7,59,65,76,81
descreverse,fewruns,16,com_pre,75,73,76,75,6,6,64,69,79,86
descreverse,fewruns,32,puro,96,93,99,95,13,11,82,87,105,114
descreverse,fewruns,32,com_pre,106,102,109,109,15,13,87,93,118,130
descreverse,fewruns,64,puro,146,139,153,147,37,26,109,120,165,194
descreverse,fewruns,64,com_pre,190,179,200,192,56,39,140,152,225,264
descreverse,fewruns,128,puro,314,305,323,317,34,33,259,290,338,373
descreverse,fewruns,128,com_pre,398,385,412,396,55,51,312,359,439,498
descreverse,fewruns,256,puro,764,752,778,765,25,46,695,746,780,1024
descreverse,fewruns,256,com_pre,911,899,923,907,49,44,832,883,946,991
descreverse,fewruns,512,puro,2500,2473,2525,2518,60,94,2247,2471,2558,2642
descreverse,fewruns,512,com_pre,2698,2674,2722,2704,93,87,2505,2651,2767,2861
descreverse,fewruns,1000,puro,8788,8697,8874,8843,299,321,7934,8603,9041,9390
descreverse,fewruns,1000,com_pre,9147,9095,9198,9176,170,188,8651,9003,9285,9542
descreverse,fewruns,5000,puro,189621,186671,193930,187198,5349,13620,177123,183602,191287,274843
descreverse,fewruns,5000,com_pre,187774,186502,189055,187923,5275,4660,176962,184326,191178,199877
descreverse,fewruns,10000,puro,695962,691462,701208,691916,8192,17823,667677,687848,700648,777589
descreverse,fewruns,10000,com_pre,698582,693427,704341,696420,14732,19969,667475,687862,707822,781658
descreverse,fewruns,100000,puro,65582210,65263446,65919745,65579250,585800,933007,63588333,65153333,65970400,68405667
descreverse,fewruns,100000,com_pre,65390208,65107591,65669065,65540033,1043083,798964,63952767,64816367,66223467,66497367
descreverse,real,16,puro,84,82,86,84,6,6,73,80,89,94
descreverse,real,16,com_pre,83,81,85,81,6,6,74,78,90,95
descreverse,real,32,puro,115,113,118,117,13,10,100,106,124,135
descreverse,real,32,com_pre,122,119,125,121,15,12,102,112,132,151
descreverse,real,64,puro,320,315,326,323,18,20,280,306,334,360
descreverse,real,64,com_pre,326,315,338,319,47,41,266,294,373,404
descreverse,real,128,puro,1083,1073,1095,1079,35,40,1004,1057,1104,1232
descreverse,real,128,com_pre,859,842,876,853,68,62,738,811,908,1002
descreverse,real,256,puro,3899,3843,3964,3839,143,221,3599,3752,3977,4777
descreverse,real,256,com_pre,2775,2739,2814,2770,112,137,2446,2685,2834,3183
descreverse,real,512,puro,14401,14305,14500,14368,287,357,13461,14182,14609,15552
descreverse,real,512,com_pre,9345,9254,9432,9352,361,325,8571,9105,9592,9949
descreverse,real,1000,puro,54946,54370,55637,54249,791,2314,51679,53793,55199,65483
descreverse,real,1000,com_pre,34341,33869,34853,34268,1075,1796,30742,33415,34874,41763
descreverse,real,5000,puro,1242389,1233014,1253516,1234193,24862,37523,1193265,1219998,1252027,1418075
descreverse,real,5000,com_pre,716738,711136,722787,713323,11250,21162,669975,707680,721493,796328
descreverse,real,10000,puro,4690612,4661489,4718996,4708209,113799,104994,4480600,4610702,4780313,4895027
descreverse,real,10000,com_pre,2720190,2701975,2744067,2710912,34185,77272,2606725,2685499,2733440,3160600
descreverse,real,100000,puro,508188343,506660376,509693947,508255150,4660553,4321443,500033900,505276200,511563200,515232300
descreverse,real,100000,com_pre,277139490,276415754,277924497,277072800,2199659,2141631,273946000,275537300,278447800,284065300
